step;bible_ref;bible_ref_positive_negative;bible_ref_ot_nr;bible_ref_ot_rambam_id;bible_ref_ot_rambam_title;bible_ref_author;bible_ref_type;category;title_en;title_negative_en;questions;quote;quote_source
1;;;;;;;;First Commandment;Repent and believe the gospel;;;God’s love is so real that He created you to prove it.;Nick Vujicic
1;MAT 4:17;positive;;;;Jesus;primary;;;;;;
1;;;;;;;;;;;Are you cold, lukewarm or hot? Do you have an earnestly desire to follow Jesus to glorify your Father in heaven with your whole life?;;
1;;;;;;;;;;;Share your testimony!;;
1;;;;;;;;;;;With which other christians would you like to walk through all the commandments?;;
1;2CH 30:9;positive;;;;Undetermined;direct;;;;;;
1;ISA 55:7;positive;;;;Isaiah;direct;;;;;;
1;MAT 7:21;both;;;;Jesus;direct;;;;;;
1;LUK 13:3;negative;;;;Jesus;direct;;;;;;
1;JHN 3:16;positive;;;;Jesus;direct;;;;;;
1;JHN 20:29;positive;;;;Jesus;direct;;;;;;
1;ACT 2:38;positive;;;;Peter;direct;;;;;;
1;ACT 11:18;positive;;;;Undetermined;direct;;;;;;
1;ROM 10:9;positive;;;;Paul;direct;;;;;;
1;1JN 1:9;positive;;;;John;direct;;;;;;
1;MAT 9:13;positive;;;;Jesus;indirect;;;;;;
1;LUK 1:76-77;positive;;;;Zacharias;indirect;;;;;;
1;JHN 3:3;negative;;;;Jesus;indirect;;;;;;
1;JHN 3:36;both;;;;John the baptist;indirect;;;;;;
1;JHN 6:51;positive;;;;Jesus;indirect;;;;;;
1;JHN 7:37-39;positive;;;;Jesus;indirect;;;;;;
1;JHN 10:37;positive;;;;Jesus;indirect;;;;;;
1;JHN 12:44-46;positive;;;;Jesus;indirect;;;;;;
1;JHN 14:6;positive;;;;Jesus;indirect;;;;;;
1;ACT 3:19;positive;;;;Peter;indirect;;;;;;
1;ACT 3:25-26;positive;;;;Peter;indirect;;;;;;
1;ACT 4:12;negative;;;;Peter;indirect;;;;;;
1;ROM 3:9-12;negative;;;;Paul;indirect;;;;;;
1;ROM 6:23;both;;;;Paul;indirect;;;;;;
1;1PE 1:8-9;positive;;;;Peter;indirect;;;;;;
1;REV 2:5;both;;;;Jesus;indirect;;;;;;
1;PSA 100:1-3;positive;;;;Unknown;duplicate;;;;;;
1;MAT 3:2;positive;;;;John the baptist;duplicate;;;;;;
1;MAT 9:1-6;positive;;;;Undetermined;duplicate;;;;;;
1;MRK 1:15;positive;;;;Jesus;duplicate;;;;;;
1;MRK 8:29;positive;;;;Peter;duplicate;;;;;;
1;LUK 5:32;positive;;;;Jesus;duplicate;;;;;;
1;LUK 9:20;positive;;;;Peter;duplicate;;;;;;
1;JHN 5:24;positive;;;;Jesus;duplicate;;;;;;
1;JHN 6:40;positive;;;;Jesus;duplicate;;;;;;
1;JHN 6:47;positive;;;;Jesus;duplicate;;;;;;
1;JHN 6:69;positive;;;;Peter;duplicate;;;;;;
1;JHN 11:25-26;positive;;;;Jesus;duplicate;;;;;;
1;JHN 14:1;positive;;;;Jesus;duplicate;;;;;;
1;JHN 14:11;positive;;;;Jesus;duplicate;;;;;;
1;JHN 20:31;positive;;;;Undetermined;duplicate;;;;;;
1;ACT 10:43;positive;;;;Peter;duplicate;;;;;;
1;ACT 17:30;positive;;;;Undetermined;duplicate;;;;;;
1;ACT 26:20;positive;;;;Paul;duplicate;;;;;;
1;MAT 12:41;positive;;;;Jesus;example;;;;;;
1;LUK 7:47;positive;;;;Jesus;example;;;;;;
1;JHN 6:69;positive;;;;Peter;example;;;;;;
1;JHN 11:25-27;positive;;;;Martha;example;;;;;;
1;LUK 5:20-24;positive;;;;Undetermined;study;;;;;;
1;REV 3:14-22;both;;;;Jesus;study;;;;;;
1;EXO 20:2;positive;25;CCA1;To know that G-d exists;HEERE;otlaw;;;;;;
1;DEU 5:6;positive;25;CCA1;To know that G-d exists;HEERE;otlaw;;;;;;
2;;;;;;;;First Commandment;Get baptized;;;;
2;MAT 28:19;positive;;;;Jesus;primary;;;;;;
2;;;;;;;;;;;Did you already get baptized?;;
2;;;;;;;;;;;Tell each other your testimony why you got baptized;;
2;MRK 16:16;positive;;;;Jesus;direct;;;;;;
2;ACT 2:38;positive;;;;Peter;direct;;;;;;
2;ACT 8:36-38;positive;;;;Philip;direct;;;;;;
2;ACT 10:48;positive;;;;Peter;direct;;;;;;
2;ACT 22:16;positive;;;;Paul;direct;;;;;;
2;MRK 1:8;positive;;;;John the baptist;indirect;;;;;;
2;JHN 4:1-2;positive;;;;Jesus;indirect;;;;;;
2;ACT 10:47-48;both;;;;Peter;indirect;;;;;;
2;MRK 1:5;positive;;;;John the baptist;example;;;;;;
2;ACT 8:12-17;positive;;;;Other;example;;;;;;
2;ACT 9:18;positive;;;;Paul;example;;;;;;
3;;;;;;;;First Commandment;Follow Me;;;Following Jesus: It's not a responsibility, it's a desire;
3;MAT 9:9;positive;;;;Jesus;primary;;;;;;
3;2CH 7:17-18;positive;;;;HEERE;direct;;;;;;
3;MRK 1:17;positive;;;;Jesus;direct;;;;;;
3;1JN 5:3;positive;;;;John;direct;;;;;;
3;DEU 28:9;positive;;;;CCA6;indirect;;;;;;
3;PSA 5:9;positive;;;;David;indirect;;;;;;
3;MAT 19:21;positive;;;;Jesus;indirect;;;;;;
3;JHN 8:12;positive;;;;Jesus;indirect;;;;;;
3;JHN 10:27;positive;;;;Jesus;indirect;;;;;;
3;JHN 12:26;positive;;;;Jesus;indirect;;;;;;
3;JHN 13:15;positive;;;;Jesus;indirect;;;;;;
3;JHN 15:14-15;positive;;;;Jesus;indirect;;;;;;
3;JHN 21:18-19;positive;;;;Jesus;indirect;;;;;;
3;2CH 6:16;positive;;;;Solomon;duplicate;;;;;;
3;LUK 18:22;positive;;;;Jesus;duplicate;;;;;;
3;JHN 21:22;positive;;;;Jesus;duplicate;;;;;;
3;1KI 19:19-21;positive;;;;Elisha;example;;;;;;
3;PSA 17:5;positive;;;;David;example;;;;;;
3;LUK 9:57-62;positive;;;;Jesus;example;;;;;;
3;LUK 18:28-30;positive;;;;Peter;example;;;;;;
3;1CO 11:1;positive;;;;Paul;example;;;;;;
3;JHN 10:1-16;positive;;;;Jesus;study;;;;;;
3;DEU 28:9;positive;610;CCA6;To imitate His good and upright ways;Moses;otlaw;;;;;;
4;;;;;;;;Seventh Commandment;Therefore bear fruits worthy of repentance;He cuts off every branch in me that bears no fruit;;;
4;MAT 3:8;positive;;;;Jesus;primary;;;;;;
4;;;;;;;;;;;Do you recognize any fruits in your life?;;
4;;;;;;;;;;;Tell each other how you recognize their fruits;;
4;GEN 35:11;positive;;;;HEERE;direct;;;;;;
4;GEN 48:4;positive;;;;HEERE;direct;;;;;;
4;MAT 13:23;positive;;;;Jesus;direct;;;;;;
4;JHN 15:14-16;positive;;;;Jesus;direct;;;;;;
4;GEN 9:1;positive;;;;HEERE;indirect;;;;;;
4;GEN 17:5-6;positive;;;;HEERE;indirect;;;;;;
4;GEN 28:3;positive;;;;HEERE;indirect;;;;;;
4;LEV 26:9;positive;;;;HEERE;indirect;;;;;;
4;PSA 92:13-16;positive;;;;Unknown;indirect;;;;;;
4;JER 3:16;negative;;;;HEERE;indirect;;;;;;
4;MAT 12:33;both;;;;Jesus;indirect;;;;;;
4;MAT 21:19;negative;;;;Jesus;indirect;;;;;;
4;MAT 21:43;both;;;;Jesus;indirect;;;;;;
4;LUK 3:9;negative;;;;Jesus;indirect;;;;;;
4;LUK 8:15;positive;;;;Jesus;indirect;;;;;;
4;COL 1:10;positive;;;;Paul and Timothy;indirect;;;;;;
4;MAT 7:17-18;both;;;;Jesus;duplicate;;;;;;
4;GEN 47:27;positive;;;;Israël;example;;;;;;
4;GAL 5:22-25;positive;;;;Paul;example;;;;;;
4;MRK 4:26-29;positive;;;;Jesus;study;;;;;;
4;LUK 13:6-9;both;;;;Jesus;study;;;;;;
4;JHN 15:1-8;both;;;;Jesus;study;;;;;;
4;GEN 1:28;positive;1;CCA43;To be fruitful and multiply;HEERE;otlaw;;;;;;
5;;;;;;;;First Commandment;You shall worship the LORD your God, and Him only you shall serve;No servant can serve two masters;;Worship is the activity of the human soul;Louie Giglio
5;MAT 4:10;positive;;;;Jesus;primary;;;;;;
5;JOS 24:14;both;;;;Joshua;direct;;;;;;
5;JOS 24:19-24;both;;;;Joshua;direct;;;;;;
5;1SA 7:3-4;both;;;;Samuel;direct;;;;;;
5;PSA 81:10-11;both;;;;Asaph;direct;;;;;;
5;LUK 16:13;negative;;;;Jesus;direct;;;;;;
5;JHN 4:23-24;positive;;;;Jesus;direct;;;;;;
5;1CO 7:35;positive;;;;Paul;direct;;;;;;
5;1SA 2:30;both;;;;HEERE;indirect;;;;;;
5;ISA 42:17;negative;;;;Isaiah;indirect;;;;;;
5;ISA 44:6;positive;;;;Isaiah;indirect;;;;;;
5;JHN 12:26;positive;;;;Jesus;indirect;;;;;;
5;LUK 4:8;positive;;;;Jesus;duplicate;;;;;;
5;RUT 1:16-18;positive;;;;Ruth;example;;;;;;
5;1KI 8:23;positive;;;;Solomon;example;;;;;;
5;1KI 8:60;positive;;;;Solomon;example;;;;;;
5;1KI 18:36-39;positive;;;;Elijah;example;;;;;;
5;1CH 23:13;positive;;;;Aaron;example;;;;;;
5;2CH 29:11;positive;;;;Hezekiah;example;;;;;;
5;2KI 17:13-19;negative;;;;Undetermined;study;;;;;;
5;EXO 20:3;negative;26;CCN8;Not to entertain the idea that there is any god but the Eternal;HEERE;otlaw;;;;;;
5;EXO 23:25;positive;93;CCA7;To pray to G-d;Moses;otlaw;;;;;;
5;DEU 6:4;positive;417;CCA2;To know that G-d is One, a complete Unity;Moses;otlaw;;;;;;
5;DEU 10:20;positive;431;CCA16;To cleave to those who know Him;Moses;otlaw;;;;;;
5;DEU 13:4;positive;453;CCN22;Not to hearken to one who prophesies in the name of an idol;Moses;otlaw;;;;;;
6;;;;;;;;First Commandment;Pray the Lord of the harvest to send out laborers into His harvest;;;;
6;MAT 9:37-38;positive;;;;Jesus;primary;;;;;;
6;JHN 4:35-38;positive;;;;Jesus;direct;;;;;;
6;LUK 9:57-61;negative;;;;Jesus;indirect;;;;;;
6;COL 4:3;positive;;;;Paul;indirect;;;;;;
6;2TH 3:1;positive;;;;Paul;indirect;;;;;;
6;LUK 10:2;positive;;;;Jesus;duplicate;;;;;;
6;EPH 6:19;positive;;;;Paul;example;;;;;;
7;;;;;;;;Fourth Commandment;Take a day off in the week;The sabbath was made for man, and not man for the sabbath;;;
7;MRK 2:23-28;positive;;;;Jesus;primary;;;;;;
7;EXO 31:16-17;positive;;;;Moses;direct;;;;;;
7;ROM 14:5-7;positive;;;;Paul;direct;;;;;;
7;COL 2:16-17;positive;;;;Paul;direct;;;;;;
7;ISA 58:13-14;both;;;;Isaiah;indirect;;;;;;
7;MAT 12:1-8;positive;;;;Jesus;duplicate;;;;;;
7;LUK 6:1-5;positive;;;;Jesus;duplicate;;;;;;
7;ISA 56:1-8;positive;;;;Isaiah;study;;;;;;
7;HEB 4:1-13;both;;;;Paul?;study;;;;;;
7;EXO 12:16;positive;296;CCA25;To rest on the first day of Passover;HEERE;otlaw;;;;;;
7;EXO 20:8;positive;31;CCA19;To sanctify Shabbat;HEERE;otlaw;;;;;;
7;EXO 20:10-11;negative;32;CCN6;Not to do work on Shabbat;HEERE;otlaw;;;;;;
7;EXO 23:12;positive;83;CCA20;To rest on Shabbat;Moses;otlaw;;;;;;
7;EXO 34:21;positive;83;CCA20;To rest on Shabbat;HEERE;otlaw;;;;;;
7;LEV 23:7;positive;296;CCA25;To rest on the seventh day of Passover;HEERE;otlaw;;;;;;
7;LEV 23:8;positive;298;CCA27;To rest on the seventh day of Passover;HEERE;otlaw;;;;;;
7;LEV 23:21;positive;306;CCA28;To rest on Shavu'ot;HEERE;otlaw;;;;;;
7;LEV 23:32;positive;311;CCA31;To rest on the Yom Kippur;HEERE;otlaw;;;;;;
8;;;;;;;;Eighth Commandment;Go into all the world and preach the gospel to every creature;;;It is no use walking anywhere to preach unless our walking is our preaching;Francis of Assisi
8;MRK 16:15-18;positive;;;;Jesus;primary;;;;;;
8;;;;;;;;;;;Paul tells his own testimony to defend himself. Have you also shared your testimony to others to explain the gospel? What was their reaction?;;
8;;;;;;;;;;;Who cares about our agenda for telling the world about Jesus?;;
8;ISA 43:9-10;positive;;;;Isaiah;direct;;;;;;
8;ISA 52:7;positive;;;;Isaiah;direct;;;;;;
8;MAT 24:14;positive;;;;Jesus;direct;;;;;;
8;MAT 26:13;positive;;;;Jesus;direct;;;;;;
8;MAT 28:19;positive;;;;Jesus;direct;;;;;;
8;MRK 13:10;positive;;;;Jesus;direct;;;;;;
8;LUK 24:47;positive;;;;Jesus;direct;;;;;;
8;JHN 15:27;positive;;;;Jesus;direct;;;;;;
8;JHN 17:18;positive;;;;Jesus;direct;;;;;;
8;JHN 20:21;positive;;;;Jesus;direct;;;;;;
8;ACT 10:42;positive;;;;Peter;direct;;;;;;
8;ACT 13:38-39;positive;;;;Paul;direct;;;;;;
8;ACT 13:47;positive;;;;Paul;direct;;;;;;
8;ROM 1:8;positive;;;;Paul;direct;;;;;;
8;ROM 10:15;positive;;;;Paul;direct;;;;;;
8;1PE 2:9;positive;;;;Peter;direct;;;;;;
8;ISA 6:8-9;positive;;;;Isaiah;indirect;;;;;;
8;ISA 42:1;positive;;;;Jesus;indirect;;;;;;
8;MAT 12:18;positive;;;;Jesus;indirect;;;;;;
8;MRK 3:14;positive;;;;Jesus;indirect;;;;;;
8;LUK 9:2;positive;;;;Jesus;indirect;;;;;;
8;LUK 9:6;positive;;;;Jesus;indirect;;;;;;
8;LUK 9:60;positive;;;;Jesus;indirect;;;;;;
8;1TI 2:1-6;positive;;;;Paul;indirect;;;;;;
8;MRK 5:18-20;positive;;;;Jesus;duplicate;;;;;;
8;MRK 6:7;positive;;;;Jesus;duplicate;;;;;;
8;ACT 26:15-18;positive;;;;Paul;duplicate;;;;;;
8;PSA 73:28;positive;;;;Asaph;example;;;;;;
8;MAT 10:7;positive;;;;Jesus;example;;;;;;
8;MRK 6:12;positive;;;;Jesus;example;;;;;;
8;LUK 1:17;positive;;;;Angel;example;;;;;;
8;LUK 4:43;positive;;;;Jesus;example;;;;;;
8;LUK 8:39;positive;;;;Jesus;example;;;;;;
8;LUK 13:3;positive;;;;Jesus;example;;;;;;
8;ACT 1:8;positive;;;;Apostles;example;;;;;;
8;ACT 13:5;positive;;;;Paul;example;;;;;;
8;ACT 14:7;positive;;;;Paul;example;;;;;;
8;ACT 28:31;positive;;;;Paul;example;;;;;;
8;PSA 145:1-21;positive;;;;David;study;;;;;;
9;;;;;;;;First Commandment;Blessed are the poor in spirit, for theirs is the kingdom of heaven;Don’t rely on your own strenght;;Your successful past will block your visions of the future;Joel A. Barker
9;MAT 5:3;positive;;;;Jesus;primary;;;;;;
9;PSA 34:19;positive;;;;David;direct;;;;;;
9;ISA 57:15;positive;;;;HEERE;direct;;;;;;
9;ISA 66:1-2;positive;;;;HEERE;direct;;;;;;
9;1CO 2:4-5;positive;;;;Paul;direct;;;;;;
9;PSA 119:173;positive;;;;David;indirect;;;;;;
9;ISA 30:18;positive;;;;Isaiah;indirect;;;;;;
9;JHN 15:5;positive;;;;Jesus;indirect;;;;;;
9;2CO 12:9-10;positive;;;;Paul;indirect;;;;;;
9;LUK 6:20;positive;;;;Jesus;duplicate;;;;;;
9;EXO 33:15;positive;;;;Moses;example;;;;;;
9;2SA 22:33-37;positive;;;;David;example;;;;;;
9;PSA 124:8;positive;;;;David;example;;;;;;
9;ACT 6:8-10;positive;;;;Stephen;example;;;;;;
10;;;;;;;;Sixth Commandment;Blessed are they that mourn: for they shall be comforted;;;;
10;MAT 5:4;positive;;;;Jesus;primary;;;;;;
10;ISA 57:18;positive;;;;Isaiah;direct;;;;;;
10;ISA 61:1-3;positive;;;;Isaiah;direct;;;;;;
10;JAS 4:8-10;positive;;;;James;direct;;;;;;
10;PSA 94:19;positive;;;;Unknown;indirect;;;;;;
10;PSA 119:49-56;positive;;;;Unknown;indirect;;;;;;
10;ISA 66:10;positive;;;;HEERE;indirect;;;;;;
10;ISA 66:13;positive;;;;HEERE;indirect;;;;;;
10;LUK 6:22;positive;;;;Jesus;indirect;;;;;;
10;HEB 4:15-16;positive;;;;Unknown;indirect;;;;;;
10;LUK 6:21;positive;;;;Jesus;duplicate;;;;;;
10;2KI 22:19-20;positive;;;;HEERE;example;;;;;;
10;JON 3:4-8;positive;;;;People in Nineveh;example;;;;;;
10;2KI 20:1-6;positive;;;;Hezekiah;study;;;;;;
10;PRO 25:20;positive;;;;Solomon;wisdom;;;;;;
11;;;;;;;;Sixth Commandment;Blessed are the meek: for they shall inherit the earth;;;;
11;MAT 5:5;positive;;;;Jesus;primary;;;;;;
11;PSA 10:17-18;positive;;;;David;direct;;;;;;
11;PSA 22:27;positive;;;;David;direct;;;;;;
11;PSA 25:9;positive;;;;David;direct;;;;;;
11;PSA 37:9-11;both;;;;David;direct;;;;;;
11;PSA 69:33;positive;;;;David;direct;;;;;;
11;GAL 6:1;positive;;;;Paul;direct;;;;;;
11;JAS 1:21;positive;;;;James;direct;;;;;;
11;PSA 34:3;positive;;;;David;indirect;;;;;;
11;JER 6:16;both;;;;HEERE;indirect;;;;;;
11;ZEP 2:3;both;;;;Zephaniah;indirect;;;;;;
11;MAT 11:29;positive;;;;Jesus;example;;;;;;
11;PRO 3:34;both;;;;Solomon;wisdom;;;;;;
12;;;;;;;;Second Commandment;Blessed are they which do hunger and thirst after righteousness: for they shall be filled;;;;
12;MAT 5:6;positive;;;;Jesus;primary;;;;;;
12;DEU 6:25;positive;;;;Moses;direct;;;;;;
12;PSA 90:14;positive;;;;Moses;direct;;;;;;
12;ISA 53:11;positive;;;;Isaiah;direct;;;;;;
12;ISA 55:1-2;both;;;;Isaiah;direct;;;;;;
12;MAT 6:33;positive;;;;Jesus;direct;;;;;;
12;LUK 1:53;both;;;;Mary;direct;;;;;;
12;JHN 6:27;both;;;;Jesus;direct;;;;;;
12;ROM 3:25;positive;;;;Paul;direct;;;;;;
12;2CO 5:21;positive;;;;Paul;direct;;;;;;
12;1JN 3:7;positive;;;;John;direct;;;;;;
12;PSA 1:1-2;both;;;;David;indirect;;;;;;
12;PSA 32:1-2;positive;;;;David;indirect;;;;;;
12;PSA 34:11;both;;;;David;indirect;;;;;;
12;PSA 107:8-9;positive;;;;Unknown;indirect;;;;;;
12;PSA 119:7;positive;;;;David;indirect;;;;;;
12;PSA 119:160;positive;;;;David;indirect;;;;;;
12;ISA 25:6;positive;;;;Isaiah;indirect;;;;;;
12;ISA 55:1;positive;;;;Isaiah;indirect;;;;;;
12;MAT 4:4;positive;;;;Jesus;indirect;;;;;;
12;JHN 6:35;positive;;;;Jesus;indirect;;;;;;
12;JHN 6:51;positive;;;;Jesus;indirect;;;;;;
12;ROM 4:7-8;positive;;;;Paul;indirect;;;;;;
12;COL 3:1;positive;;;;Paul;indirect;;;;;;
12;2TI 2:22;both;;;;Paul;indirect;;;;;;
12;LUK 6:21;positive;;;;Jesus;duplicate;;;;;;
12;DEU 8:3;positive;;;;Moses;example;;;;;;
12;PSA 17:15;positive;;;;David;example;;;;;;
12;PSA 63:2;positive;;;;David;example;;;;;;
12;LUK 1:6;positive;;;;Zacharias & Elisabeth;example;;;;;;
12;JHN 4:13-14;positive;;;;Jesus;example;;;;;;
12;ACT 10:34-35;positive;;;;Peter;example;;;;;;
12;PRO 11:25;positive;;;;Solomon;wisdom;;;;;;
12;PRO 21:21;positive;;;;Solomon;wisdom;;;;;;
13;;;;;;;;Sixth Commandment;Blessed are the merciful: for they shall obtain mercy;;;"Start by doing what is necessary; then do what’s possible; and suddenly you are doing the impossible";Francis of Assisi
13;MAT 5:7;positive;;;;Jesus;primary;;;;;;
13;;;;;;;;;;;During the day, do you pay attention for people around you who need help?;;
13;;;;;;;;;;;When was the last time you were merciful?;;
13;DEU 4:31;positive;;;;Moses;direct;;;;;;
13;PSA 41:2-4;positive;;;;David;direct;;;;;;
13;LUK 6:36;positive;;;;Jesus;direct;;;;;;
13;2CH 30:9;positive;;;;Hezekiah;indirect;;;;;;
13;PSA 119:77;positive;;;;Unknown;indirect;;;;;;
13;DAN 9:9;positive;;;;Daniel;indirect;;;;;;
13;MAT 6:2-4;both;;;;Jesus;indirect;;;;;;
13;MAT 9:13;positive;;;;Jesus;indirect;;;;;;
13;MAT 23:23;both;;;;Jesus;indirect;;;;;;
13;EPH 4:31-32;both;;;;Paul;indirect;;;;;;
13;JAS 2:13;negative;;;;James;indirect;;;;;;
13;MAT 12:7;positive;;;;Jesus;duplicate;;;;;;
13;PSA 103:8;positive;;;;David;example;;;;;;
13;HOS 6:6;both;;;;HEERE;example;;;;;;
13;LUK 10:29-37;both;;;;Jesus;study;;;;;;
14;;;;;;;;Fourth Commandment;Blessed are the pure in heart: for they shall see God;Go, and sin no more;;While you are proclaiming peace with your lips, be careful to have it even more fully in your heart;Francis of Assisi
14;MAT 5:8;positive;;;;Jesus;primary;;;;;;
14;;;;;;;;;;;Ask others, what kind of sins do they see with you?;;
14;;;;;;;;;;;Pray for each other;;
14;;;;;;;;;;;What sins do you want to get rid off?;;
14;LEV 19:2;positive;;;;HEERE;direct;;;;;;
14;PSA 24:4-5;both;;;;David;direct;;;;;;
14;PSA 119:9;positive;;;;Undetermined;direct;;;;;;
14;JER 17:9-10;negative;;;;HEERE;direct;;;;;;
14;2TI 2:22;both;;;;Paul;direct;;;;;;
14;HEB 10:22;positive;;;;Paul?;direct;;;;;;
14;1PE 1:15-16;positive;;;;Peter;direct;;;;;;
14;LEV 20:7;positive;;;;HEERE;indirect;;;;;;
14;DEU 8:2;both;;;;Moses;indirect;;;;;;
14;PSA 15:2;positive;;;;David;indirect;;;;;;
14;HAB 1:13;negative;;;;Habakkuk;indirect;;;;;;
14;MAT 7:3-5;negative;;;;Jesus;indirect;;;;;;
14;MAT 15:10-11;both;;;;Jesus;indirect;;;;;;
14;MAT 23:26;negative;;;;Jesus;indirect;;;;;;
14;JHN 5:14;negative;;;;Jesus;indirect;;;;;;
14;JHN 8:11;both;;;;Jesus;indirect;;;;;;
14;JHN 15:2;both;;;;Jesus;indirect;;;;;;
14;1TI 1:5;positive;;;;Paul;indirect;;;;;;
14;HEB 9:13-14;positive;;;;Paul?;indirect;;;;;;
14;HEB 10:22;positive;;;;Paul?;indirect;;;;;;
14;JAS 5:16;positive;;;;James;indirect;;;;;;
14;1JN 1:8-10;both;;;;John;indirect;;;;;;
14;MRK 7:14-16;both;;;;Jesus;duplicate;;;;;;
14;MRK 7:20-23;negative;;;;Jesus;duplicate;;;;;;
14;LUK 6:41-42;negative;;;;Jesus;duplicate;;;;;;
14;GEN 6:5;negative;;;;HEERE;example;;;;;;
14;1KI 8:35-36;positive;;;;Solomon;example;;;;;;
14;2CH 32:31;positive;;;;Hezekiah;example;;;;;;
14;PSA 51:12;positive;;;;David;example;;;;;;
14;MAT 15:18-19;negative;;;;Jesus;example;;;;;;
14;PSA 18:21-27;both;;;;David;study;;;;;;
14;MAT 13:33;positive;;;;Jesus;study;;;;;;
14;1CO 5:6-8;positive;;;;Paul;study;;;;;;
14;HEB 12:1-14;both;;;;Paul?;study;;;;;;
14;EXO 12:15;positive;8;CCA22;To remove chametz on the Eve of Passover;HEERE;otlaw;;;;;;
14;PRO 20:27;positive;;;;Solomon;wisdom;;;;;;
14;PRO 22:11;positive;;;;Solomon;wisdom;;;;;;
14;ECC 11:10;positive;;;;Solomon;wisdom;;;;;;
15;;;;;;;;Sixth Commandment;Blessed are the peacemakers: for they shall be called the children of God;;;;
15;MAT 5:9;positive;;;;Jesus;primary;;;;;;
15;ISA 32:17;positive;;;;Isaiah;direct;;;;;;
15;JHN 16:33;positive;;;;Jesus;direct;;;;;;
15;PHP 4:7;positive;;;;Paul and Timotheus;direct;;;;;;
15;PSA 119:161-168;positive;;;;Unknown;indirect;;;;;;
15;PSA 122:6-9;positive;;;;David;indirect;;;;;;
15;JHN 14:27;both;;;;Jesus;indirect;;;;;;
15;ROM 8:14-16;both;;;;Paul;indirect;;;;;;
15;EPH 2:13;positive;;;;Paul;indirect;;;;;;
15;PRO 12:20;both;;;;Solomon;wisdom;;;;;;
16;;;;;;;;First Commandment;Blessed are they which are persecuted for righteousness' sake: for theirs is the kingdom of heaven.;;;The greater the struggle, the more glorious the triumph;Nick Vujicic
16;MAT 5:10;positive;;;;Jesus;primary;;;;;;
16;ISA 51:7-8;positive;;;;HEERE;direct;;;;;;
16;MAT 5:11;positive;;;;Jesus;direct;;;;;;
16;MAT 24:13;positive;;;;Jesus;direct;;;;;;
16;MRK 8:35;both;;;;Jesus;direct;;;;;;
16;LUK 12:4;positive;;;;Jesus;direct;;;;;;
16;ROM 8:38-39;positive;;;;Paul;direct;;;;;;
16;JAS 1:12;positive;;;;James;direct;;;;;;
16;1PE 3:14;both;;;;Peter;direct;;;;;;
16;PSA 86:6-7;positive;;;;David;indirect;;;;;;
16;PSA 119:114-115;positive;;;;Unknown;indirect;;;;;;
16;ISA 66:5;both;;;;HEERE;indirect;;;;;;
16;MAT 5:12;positive;;;;Jesus;indirect;;;;;;
16;LUK 21:16-19;positive;;;;Jesus;indirect;;;;;;
16;2CO 4:10;positive;;;;Paul;indirect;;;;;;
16;2TI 2:11-12;both;;;;Paul;indirect;;;;;;
16;1PE 4:14-16;both;;;;Peter;indirect;;;;;;
16;MRK 13:9;positive;;;;Jesus;duplicate;;;;;;
16;MRK 13:13;positive;;;;Jesus;duplicate;;;;;;
16;LUK 6:22;positive;;;;Jesus;duplicate;;;;;;
16;LUK 17:33;both;;;;Jesus;duplicate;;;;;;
16;JHN 12:25;both;;;;Jesus;duplicate;;;;;;
16;1CH 21:1;negative;;;;David;example;;;;;;
16;PSA 126:1-6;positive;;;;Unknown;example;;;;;;
16;ACT 20:22-24;positive;;;;Paul;example;;;;;;
16;2CH 20:1-30;positive;;;;Jehoshaphat;study;;;;;;
16;PSA 46:1-12;both;;;;Undetermined;study;;;;;;
16;MAT 10:18-22;both;;;;Jesus;study;;;;;;
16;MAT 13:18-21;both;;;;Jesus;study;;;;;;
16;JOB 5:17;both;;;;Job;wisdom;;;;;;
17;;;;;;;;First Commandment;Rejoice, and be exceeding glad: for great is your reward in heaven;;;Joy is a good feeling in the sool, produced by the holy spirit, as he causes us to see the beauty of Christ, in His Word and in His work;John Piper
17;MAT 5:12;positive;;;;Jesus;primary;;;;;;
17;PSA 1:1-3;positive;;;;David;direct;;;;;;
17;PSA 34:3;positive;;;;David;direct;;;;;;
17;PSA 34:13;positive;;;;David;direct;;;;;;
17;ZEC 9:9;positive;;;;Zechariah;direct;;;;;;
17;LUK 1:14;positive;;;;Angel;direct;;;;;;
17;ROM 15:10;positive;;;;Paul;direct;;;;;;
17;PHP 2:17-18;positive;;;;Paul;direct;;;;;;
17;PHP 4:4;positive;;;;Paul;direct;;;;;;
17;1PE 4:13;positive;;;;Peter;direct;;;;;;
17;PSA 5:12-13;positive;;;;David;indirect;;;;;;
17;PSA 119:16;positive;;;;David;indirect;;;;;;
17;SNG 1:4;positive;;;;Solomon;indirect;;;;;;
17;LUK 1:46-47;positive;;;;Mary;indirect;;;;;;
17;LUK 10:17-20;both;;;;Jesus;indirect;;;;;;
17;ROM 12:12;positive;;;;Paul;indirect;;;;;;
17;GAL 3:1;negative;;;;Paul;indirect;;;;;;
17;LUK 6:22-23;positive;;;;Jesus;duplicate;;;;;;
17;2CH 30:25-27;positive;;;;Undetermined;example;;;;;;
17;PSA 13:6;positive;;;;David;example;;;;;;
17;JHN 3:29;positive;;;;Jesus;example;;;;;;
17;JHN 16:21-22;positive;;;;Jesus;example;;;;;;
17;ACT 13:52;positive;;;;Undetermined;example;;;;;;
17;ACT 20:22-24;positive;;;;Paul;example;;;;;;
17;ECC 8:15;positive;;;;Solomon;wisdom;;;;;;
18;;;;;;;;Sixth Commandment;Have salt in yourselves, and have peace one with another;;;Love is a fruit in season at all times, and within reach of every hand;Mother Teresa
18;MRK 9:49-50;positive;;;;Jesus;primary;;;;;;
18;;;;;;;;;;;Can you be graciously confrontational?;;
18;;;;;;;;;;;Has sin corrupted your saltiness?;;
18;;;;;;;;;;;Has your self-interest made you disinterested in transforming others?;;
18;MAT 5:13;positive;;;;Jesus;direct;;;;;;
18;ROM 12:18;positive;;;;Paul;direct;;;;;;
18;COL 3:15;positive;;;;Paul;direct;;;;;;
18;COL 4:6;positive;;;;Paul;direct;;;;;;
18;HEB 12:14;positive;;;;Paul?;direct;;;;;;
18;LEV 2:13;positive;;;;Moses;example;;;;;;
18;2CH 13:5;positive;;;;Abijah;study;;;;;;
19;;;;;;;;Tenth Commandment;Let your light so shine before men, that they may see your good works, and glorify your Father which is in heaven;;;A single sunbeam is enough to drive away many shadows;Francis of Assisi
19;MAT 5:14-16;positive;;;;Jesus;primary;;;;;;
19;2SA 22:29;positive;;;;David;direct;;;;;;
19;ISA 49:6;positive;;;;Isaiah;direct;;;;;;
19;MAT 10:27;positive;;;;Jesus;direct;;;;;;
19;ACT 13:47;positive;;;;Paul;direct;;;;;;
19;EPH 5:8;positive;;;;Paul;direct;;;;;;
19;PHP 2:14-15;positive;;;;Paul and Timotheus;direct;;;;;;
19;1TI 2:9-10;positive;;;;Paul;direct;;;;;;
19;ISA 42:6-7;positive;;;;Isaiah;indirect;;;;;;
19;LUK 8:16;both;;;;Jesus;duplicate;;;;;;
19;LUK 12:3;positive;;;;Jesus;duplicate;;;;;;
19;ISA 58:9-10;positive;;;;Isaiah;example;;;;;;
19;MRK 4:21;both;;;;Jesus;example;;;;;;
19;LUK 11:33-36;both;;;;Jesus;example;;;;;;
19;JHN 12:35;both;;;;Jesus;example;;;;;;
19;EXO 25:37;positive;;;;HEERE;study;;;;;;
19;REV 1:20;positive;;;;Jesus;study;;;;;;
19;REV 2:5;both;;;;Jesus;study;;;;;;
20;;;;;;;;First Commandment;Whoever practices and teaches these commands will be called great in the kingdom of heaven;Do not set aside one of the least of these commands;;"Jesus was not creating a new area of ethics here; He was simply drawing out implications in OT law.";Roy. E. Gane
20;MAT 5:19;positive;;;;Jesus;primary;;;;;;
20;1KI 2:1-4;positive;;;;David;direct;;;;;;
20;1KI 6:12;positive;;;;HEERE;direct;;;;;;
20;2KI 21:8;both;;;;HEERE;direct;;;;;;
20;PSA 112:1;positive;;;;Unknown;direct;;;;;;
20;MAT 19:17;positive;;;;Jesus;direct;;;;;;
20;MAT 28:19;positive;;;;Jesus;direct;;;;;;
20;JHN 14:15;positive;;;;Jesus;direct;;;;;;
20;JHN 14:21;positive;;;;Jesus;direct;;;;;;
20;JHN 14:23;positive;;;;Jesus;direct;;;;;;
20;1CO 9:20-21;positive;;;;Paul;direct;;;;;;
20;HEB 10:16;positive;;;;Paul?;direct;;;;;;
20;2JN 1:6;positive;;;;John;direct;;;;;;
20;REV 22:14;positive;;;;Jesus;direct;;;;;;
20;2CH 12:1;negative;;;;Rehoboam;indirect;;;;;;
20;MAL 4:4;positive;;;;HEERE;indirect;;;;;;
20;LUK 16:17;positive;;;;Jesus;indirect;;;;;;
20;GAL 6:2;positive;;;;Paul;indirect;;;;;;
20;EPH 5:1;positive;;;;Paul;indirect;;;;;;
20;LUK 4:15;positive;;;;Jesus;duplicate;;;;;;
20;1SA 7:15-17;positive;;;;Samuel;example;;;;;;
20;1KI 11:11;negative;;;;HEERE;example;;;;;;
20;1KI 18:17-18;negative;;;;Elijah;example;;;;;;
20;2CH 14:2-4;positive;;;;Asa;example;;;;;;
20;2CH 17:9-10;positive;;;;Undetermined;example;;;;;;
20;PSA 19:8-9;positive;;;;David;example;;;;;;
20;ISA 33:22;positive;;;;Isaiah;example;;;;;;
20;ISA 42:24;negative;;;;Isaiah;example;;;;;;
20;LUK 1:6;positive;;;;Zacharias and Elisabeth;example;;;;;;
20;LUK 4:31-32;positive;;;;Jesus;example;;;;;;
20;DEU 8:6-18;both;;;;Moses;study;;;;;;
20;1KI 8:56-61;positive;;;;Solomon;study;;;;;;
20;1KI 9:1-9;both;;;;HEERE;study;;;;;;
20;PSA 78:1-11;both;;;;Asaph;study;;;;;;
20;JHN 21:15-17;positive;;;;Jesus;study;;;;;;
20;DEU 6:7;positive;419;CCA14;To learn Torah and to teach it;Moses;otlaw;;;;;;
20;DEU 31:19;positive;612;CCA15;That every person shall write a scroll of the Torah for himself;HEERE;otlaw;;;;;;
20;PRO 2:1-6;positive;;;;Solomon;wisdom;;;;;;
20;PRO 6:20-23;positive;;;;Solomon;wisdom;;;;;;
20;PRO 7:1-3;positive;;;;Solomon;wisdom;;;;;;
20;PRO 28:9;negative;;;;Solomon;wisdom;;;;;;
20;ECC 12:13-14;both;;;;Solomon;wisdom;;;;;;
21;;;;;;;;Sixth Commandment;Don’t be angry at your brother without a cause. If you will be, reconcile as quickly as possible;Let not the sun go down upon your wrath;;A gentle answer turns away wrath, but a harsh word stirs up anger;King Solomon
21;MAT 5:21-26;both;;;;Jesus;primary;;;;;;
21;PSA 4:5;positive;;;;David;direct;;;;;;
21;ROM 12:18;positive;;;;Paul;direct;;;;;;
21;EPH 4:26-32;negative;;;;Paul;direct;;;;;;
21;JAS 5:7-8;positive;;;;James;direct;;;;;;
21;LUK 12:58;both;;;;Jesus;indirect;;;;;;
21;1SA 24:13-14;positive;;;;David;example;;;;;;
21;2CH 11:1-4;positive;;;;Rehoboam;example;;;;;;
21;PRO 3:30;positive;;;;Solomon;wisdom;;;;;;
21;PRO 14:29;both;;;;Solomon;wisdom;;;;;;
21;PRO 15:1;both;;;;Solomon;wisdom;;;;;;
21;PRO 16:32;positive;;;;Solomon;wisdom;;;;;;
21;PRO 17:14;positive;;;;Solomon;wisdom;;;;;;
21;PRO 18:17;positive;;;;Solomon;wisdom;;;;;;
21;PRO 25:8;negative;;;;Solomon;wisdom;;;;;;
22;;;;;;;;First Commandment;Eliminate any cause of temptation;;;This book will keep you from sin, or sin will keep you from this book;John Bunyan
22;MAT 18:8-9;both;;;;Jesus;primary;;;;;;
22;MAT 5:27-30;both;;;;Jesus;direct;;;;;;
22;ROM 12:9;positive;;;;Paul;direct;;;;;;
22;ROM 13:14;both;;;;Paul;direct;;;;;;
22;1TH 5:22;positive;;;;Paul;direct;;;;;;
22;1PE 2:12;positive;;;;Peter;direct;;;;;;
22;DEU 13:6-10;both;;;;Moses;indirect;;;;;;
22;SNG 2:15;both;;;;Solomon;indirect;;;;;;
22;HEB 12:1;positive;;;;Paul?;indirect;;;;;;
22;JAS 1:14-15;negative;;;;James;indirect;;;;;;
22;MRK 9:43-48;both;;;;Jesus;duplicate;;;;;;
22;2CH 15:8;positive;;;;Asa;example;;;;;;
22;2CH 17:3-6;positive;;;;Jehoshaphat;example;;;;;;
22;PSA 141:3-4;positive;;;;David;example;;;;;;
22;DEU 25:17;positive;601;CCA76;Always to remember what Amalek did;Moses;otlaw;;;;;;
22;DEU 25:19;positive;602;CCA77;To destroy the seed of Amalek;Moses;otlaw;;;;;;
22;DEU 25:19;negative;603;CCN194;That the evil done to us by Amalek shall not be forgotten;Moses;otlaw;;;;;;
22;JOB 1:1;positive;;;;Job;wisdom;;;;;;
22;JOB 28:28;positive;;;;Job;wisdom;;;;;;
22;PRO 1:10-16;both;;;;Solomon;wisdom;;;;;;
22;PRO 3:7-8;both;;;;Solomon;wisdom;;;;;;
22;PRO 4:14-27;both;;;;Solomon;wisdom;;;;;;
22;PRO 7:4-27;negative;;;;Solomon;wisdom;;;;;;
22;PRO 16:17;positive;;;;Solomon;wisdom;;;;;;
22;PRO 25:28;negative;;;;Solomon;wisdom;;;;;;
23;;;;;;;;Seventh Commandment;Honor marriage;Do not look lustfully to a woman;;;
23;MAT 5:27-32;both;;;;Jesus;primary;;;;;;
23;HEB 13:4;both;;;;Paul?;direct;;;;;;
23;1PE 4:1-2;both;;;;Peter;direct;;;;;;
23;SNG 2:7;negative;;;;Solomon;indirect;;;;;;
23;SNG 3:5;negative;;;;Solomon;indirect;;;;;;
23;MAL 2:14-16;both;;;;Malachi;indirect;;;;;;
23;MAT 19:6;negative;;;;Jesus;indirect;;;;;;
23;MAT 19:9;negative;;;;Jesus;indirect;;;;;;
23;LUK 16:18;negative;;;;Paul;indirect;;;;;;
23;1CO 7:2;positive;;;;Paul;indirect;;;;;;
23;1CO 7:10;negative;;;;Paul;indirect;;;;;;
23;1CO 7:39;positive;;;;Paul;indirect;;;;;;
23;MRK 10:9;negative;;;;Jesus;duplicate;;;;;;
23;MRK 10:19;negative;;;;Jesus;duplicate;;;;;;
23;LUK 18:1-20;both;;;;Jesus;duplicate;;;;;;
23;NUM 30:2-17;positive;406;CCA40;To decide in cases of annulment of vows, according to the rules set forth in the Torah;Moses;otlaw;;;;;;
23;NUM 30:3;negative;407;CCN184;Not to break a vow;Moses;otlaw;;;;;;
23;JOB 31:1;positive;;;;Job;wisdom;;;;;;
23;PRO 5:18-19;positive;;;;Solomon;wisdom;;;;;;
23;PRO 6:32-35;negative;;;;Solomon;wisdom;;;;;;
23;PRO 12:4;both;;;;Solomon;wisdom;;;;;;
23;PRO 30:20;negative;;;;Agur;wisdom;;;;;;
23;PRO 31:10-31;positive;;;;Lemuel;wisdom;;;;;;
23;ECC 4:9-12;positive;;;;Solomon;wisdom;;;;;;
23;ECC 9:9;positive;;;;Solomon;wisdom;;;;;;
24;;;;;;;;Ninth Commandment;Keep your word;Don’t act different from what you speak;;What you think influences what you speak and what you speak influences what you do;Maarten Bruynes
24;MAT 5:33-37;both;;;;Jesus;primary;;;;;;
24;;;;;;;;;;;Does your speaking suit your behavior?;;
24;;;;;;;;;;;Is there a difference between your confession and your doing?;;
24;DEU 18:13;positive;;;;Moses;direct;;;;;;
24;PSA 119:1;positive;;;;David;direct;;;;;;
24;MAT 10:16-17;positive;;;;Jesus;direct;;;;;;
24;JAS 5:12;both;;;;James;direct;;;;;;
24;LEV 19:12;negative;;;;HEERE;indirect;;;;;;
24;PSA 11:7;positive;;;;David;indirect;;;;;;
24;PSA 76:12;positive;;;;Asaph;indirect;;;;;;
24;MRK 10:19;negative;;;;Jesus;indirect;;;;;;
24;1JN 3:18;both;;;;John;indirect;;;;;;
24;LUK 18:20;negative;;;;Jesus;duplicate;;;;;;
24;JOS 24:24-27;positive;;;;People of Israel;example;;;;;;
24;2CH 19:6-9;positive;;;;Jehoshaphat;example;;;;;;
24;2CH 34:31;positive;;;;Josiah;example;;;;;;
24;ACT 24:15-16;positive;;;;Paul;example;;;;;;
24;PHP 2:20;positive;;;;Timothy;example;;;;;;
24;2CO 1:15-22;positive;;;;Paul;study;;;;;;
24;LEV 5:23;positive;130;CCA68;To restore that which one took by robbery;Moses;otlaw;;;;;;
24;NUM 5:6;positive;364;CCA33;To make confession before the L-rd of any sin that one has committed, when bringing a sacrifice and at other times;HEERE;otlaw;;;;;;
24;DEU 22:1;positive;538;CCA69;To return lost property;Moses;otlaw;;;;;;
24;DEU 22:6-7;positive;545;CCA74;To set the mother-bird free when taking the nest;Moses;otlaw;;;;;;
24;DEU 23:21;positive;573;;To lend to an alien at interest;Moses;otlaw;;;;;;
24;DEU 23:24;positive;575;CCA39;That a man should fulfill whatever he has uttered;Moses;otlaw;;;;;;
24;DEU 24:15;positive;588;CCA66;To pay wages to the hired man at the due time;Moses;otlaw;;;;;;
24;PRO 4:24;positive;;;;Solomon;wisdom;;;;;;
24;PRO 12:22;both;;;;Solomon;wisdom;;;;;;
24;PRO 21:3;positive;;;;Solomon;wisdom;;;;;;
24;ECC 5:1-6;both;;;;Solomon;wisdom;;;;;;
25;;;;;;;;Sixth Commandment;Whosoever shall smite thee on thy right cheek, turn to him the other also;Do not resist evil;;;
25;MAT 5:38-39;both;;;;Jesus;primary;;;;;;
25;ROM 12:21;both;;;;Paul;direct;;;;;;
25;1TH 5:15;both;;;;Paul;direct;;;;;;
25;1PE 2:12-15;positive;;;;Peter;direct;;;;;;
25;1PE 3:9;both;;;;Peter;direct;;;;;;
25;LEV 24:19-20;both;;;;HEERE;indirect;;;;;;
25;PSA 34:15;both;;;;David;indirect;;;;;;
25;EXO 21:24;both;;;;HEERE;duplicate;;;;;;
25;1SA 24:18-20;positive;;;;Saul;example;;;;;;
25;2CH 19:11;positive;;;;Jehoshaphat;example;;;;;;
25;ROM 13:3-4;both;;;;Paul;example;;;;;;
25;PRO 10:12;both;;;;Solomon;wisdom;;;;;;
25;PRO 11:27;both;;;;Solomon;wisdom;;;;;;
25;PRO 20:22;positive;;;;Solomon;wisdom;;;;;;
25;PRO 25:21-22;positive;;;;Solomon;wisdom;;;;;;
26;;;;;;;;Eighth Commandment;Share goods with the needy;If anyone takes what belongs to you, do not demand it back;;For it is in giving that we receive;Francis of Assisi
26;MAT 5:40-42;both;;;;Jesus;primary;;;;;;
26;;;;;;;;;;;When was the last time you were generous?;;
26;PSA 41:2;positive;;;;David;direct;;;;;;
26;ISA 58:7-11;positive;;;;Isaiah;direct;;;;;;
26;MAT 25:35-36;positive;;;;Jesus;direct;;;;;;
26;LUK 3:11;positive;;;;Jesus;direct;;;;;;
26;ACT 20:35;positive;;;;Paul;direct;;;;;;
26;1TI 6:17-19;positive;;;;Paul;direct;;;;;;
26;JAS 1:27;positive;;;;James;direct;;;;;;
26;JAS 2:15-16;negative;;;;James;direct;;;;;;
26;LUK 6:30;both;;;;Jesus;indirect;;;;;;
26;LUK 6:34-35;both;;;;Jesus;indirect;;;;;;
26;LUK 14:12-14;both;;;;Jesus;indirect;;;;;;
26;ACT 9:36;positive;;;;Tabitha;indirect;;;;;;
26;1SA 30:22-24;both;;;;David;example;;;;;;
26;NEH 8:11;positive;;;;Nehemiah;example;;;;;;
26;PSA 146:5-7;positive;;;;Unknown;example;;;;;;
26;JHN 6:51;positive;;;;Jesus;example;;;;;;
26;ACT 10:1-2;positive;;;;Cornelius;example;;;;;;
26;ROM 12:17-20;both;;;;Paul;example;;;;;;
26;1CH 29:1-21;positive;;;;David;study;;;;;;
26;EXO 22:24;negative;66;CCA62;To lend to a poor person;Moses;otlaw;;;;;;
26;NUM 27:8;positive;400;CCA73;To adjudicate cases of inheritances;HEERE;otlaw;;;;;;
26;DEU 15:2;positive;475;CCA64;To release debts in the seventh year;Moses;otlaw;;;;;;
26;DEU 15:8;positive;479;CCA38;To give charity according to one's means;Moses;otlaw;;;;;;
26;DEU 18:3;positive;506;CCA51;To give the kohein the due portions of the carcass of cattle;Moses;otlaw;;;;;;
26;DEU 18:4;positive;508;CCA52;To give the first of the fleece to the kohein;Moses;otlaw;;;;;;
26;DEU 24:13;positive;587;CCA63;To return a pledge to its owner;Moses;otlaw;;;;;;
26;JOB 31:16-20;positive;;;;Job;wisdom;;;;;;
26;PRO 3:9-10;positive;;;;Solomon;wisdom;;;;;;
26;PRO 3:28;negative;;;;Solomon;wisdom;;;;;;
26;PRO 14:31;positive;;;;Solomon;wisdom;;;;;;
26;PRO 18:16;positive;;;;Solomon;wisdom;;;;;;
26;PRO 19:17;positive;;;;Solomon;wisdom;;;;;;
26;PRO 21:13;negative;;;;Solomon;wisdom;;;;;;
26;PRO 22:9;positive;;;;Solomon;wisdom;;;;;;
27;;;;;;;;Sixth Commandment;Love your enemies, bless them that curse you, do good to them that hate you, and pray for them which despitefully use you, and persecute you;Do not say, I’ll do to them as they have done to me;;Lord, make me an instrument of thy peace. Where there is hatred, let me sow love;Francis of Assisi
27;MAT 5:44-47;positive;;;;Jesus;primary;;;;;;
27;;;;;;;;;;;Do you really want to be a follower of Jesus?;;
27;;;;;;;;;;;Enemies are the people who God puts on your way which are hard for you to love. Who are enemies for you?;;
27;MAT 5:43;negative;;;;Jesus;direct;;;;;;
27;MRK 10:19;negative;;;;Jesus;direct;;;;;;
27;ROM 12:14;both;;;;Paul;direct;;;;;;
27;EPH 5:1-2;positive;;;;Paul;indirect;;;;;;
27;LUK 6:27-35;both;;;;Jesus;duplicate;;;;;;
27;LUK 18:20;negative;;;;Jesus;duplicate;;;;;;
27;ROM 12:20;positive;;;;Paul;duplicate;;;;;;
27;2CH 19:2;negative;;;;Jehoshaphat;example;;;;;;
27;PSA 141:5-6;positive;;;;David;example;;;;;;
27;PSA 139:1-24;both;;;;David;study;;;;;;
27;LEV 19:18;both;243;CCA60;To love all human beings who are of the covenant;HEERE;otlaw;;;;;;
27;PRO 24:29;negative;;;;Unknown;wisdom;;;;;;
27;PRO 25:21-22;positive;;;;Solomon;wisdom;;;;;;
27;ECC 10:20;negative;;;;Solomon;wisdom;;;;;;
28;;;;;;;;Tenth Commandment;Therefore you shall be perfect, just as your Father in heaven is perfect;;;Vision without action is merely a dream. Action without vision just passes the time. Vision with action can change the world.;Joel A. Barker
28;MAT 5:48;positive;;;;Jesus;primary;;;;;;
28;;;;;;;;;;;Do you have the idea that you are what God intended you to be?;;
28;;;;;;;;;;;What would happen if you were as God intended?;;
28;;;;;;;;;;;What would stop you from becoming the way you were meant to be?;;
28;GEN 17:1;positive;;;;HEERE;direct;;;;;;
28;2CH 16:9;positive;;;;HEERE;direct;;;;;;
28;MAT 19:21;positive;;;;Jesus;direct;;;;;;
28;ROM 12:2;positive;;;;Paul;direct;;;;;;
28;EPH 4:12-13;positive;;;;Paul;direct;;;;;;
28;2TI 3:16-17;positive;;;;Paul;direct;;;;;;
28;JAS 1:4;positive;;;;James;direct;;;;;;
28;1JN 2:4-5;positive;;;;John;direct;;;;;;
28;1CH 29:19;positive;;;;David;indirect;;;;;;
28;2SA 22:23;positive;;;;David;example;;;;;;
28;MAT 10:25;positive;;;;Jesus;example;;;;;;
28;COL 4:12;positive;;;;Epaphras;example;;;;;;
28;JOB 2:3;positive;;;;Job;wisdom;;;;;;
29;;;;;;;;Eighth Commandment;Be generous (and fasten and pray) in secret;;;;
29;MAT 6:1-4;both;;;;Jesus;primary;;;;;;
29;MAT 10:42;both;;;;Jesus;direct;;;;;;
29;2CO 9:11;positive;;;;Paul;direct;;;;;;
29;HEB 6:10;positive;;;;Paul?;direct;;;;;;
29;MRK 12:41-44;positive;;;;Jesus;indirect;;;;;;
29;MRK 9:41;positive;;;;Jesus;duplicate;;;;;;
29;LUK 21:1-4;positive;;;;Jesus;duplicate;;;;;;
29;PRO 14:31;both;;;;Solomon;wisdom;;;;;;
30;;;;;;;;First Commandment;Pray in faith according to the wil of the Father;;;Those who say, 'It can't be done,' are usually interrupted by others doing it.;Joel A. Barker
30;MAT 6:9;positive;;;;Jesus;primary;;;;;;
30;1KI 8:29;positive;;;;Solomon;direct;;;;;;
30;LUK 17:5-6;positive;;;;Jesus;direct;;;;;;
30;JHN 14:12-14;positive;;;;Jesus;direct;;;;;;
30;JHN 15:7;positive;;;;Jesus;direct;;;;;;
30;JHN 16:23-24;positive;;;;Jesus;direct;;;;;;
30;1CO 4:13;positive;;;;Paul;direct;;;;;;
30;1JN 3:22;positive;;;;John;direct;;;;;;
30;1JN 5:14;positive;;;;John;direct;;;;;;
30;MAT 5:44;positive;;;;Jesus;indirect;;;;;;
30;MAT 7:7-8;positive;;;;Jesus;indirect;;;;;;
30;MAT 21:21;positive;;;;Jesus;indirect;;;;;;
30;MRK 5:35-36;positive;;;;Jesus;indirect;;;;;;
30;MRK 9:23-24;positive;;;;Jesus;indirect;;;;;;
30;LUK 11:13;positive;;;;Jesus;indirect;;;;;;
30;JHN 5:19-20;positive;;;;Jesus;indirect;;;;;;
30;ROM 8:26;positive;;;;Paul;indirect;;;;;;
30;JAS 1:5-7;both;;;;James;indirect;;;;;;
30;MAT 17:19-20;positive;;;;Jesus;duplicate;;;;;;
30;MRK 11:24;positive;;;;Jesus;duplicate;;;;;;
30;LUK 6:28;positive;;;;Jesus;duplicate;;;;;;
30;LUK 8:48;positive;;;;Jesus;duplicate;;;;;;
30;LUK 11:1-4;positive;;;;Jesus;duplicate;;;;;;
30;2KI 19:15-19;positive;;;;Hezekiah;example;;;;;;
30;ISA 59:16;negative;;;;Isaiah;example;;;;;;
30;MRK 4:40;negative;;;;Jesus;example;;;;;;
30;MRK 10:52;positive;;;;Jesus;example;;;;;;
30;LUK 7:6-10;positive;;;;A centurion;example;;;;;;
30;LUK 9:18;positive;;;;Jesus;example;;;;;;
30;LUK 9:28;positive;;;;Jesus;example;;;;;;
30;LUK 23:34;positive;;;;Jesus;example;;;;;;
30;ACT 1:14;positive;;;;Many disciples (men and woman);example;;;;;;
30;ACT 7:59-60;positive;;;;Stephen;example;;;;;;
30;COL 4:12;positive;;;;Epaphras;example;;;;;;
30;MAT 14:24-33;both;;;;Jesus;study;;;;;;
30;MAT 15:22-28;positive;;;;Jesus;study;;;;;;
30;LUK 18:1-8;both;;;;Jesus;study;;;;;;
30;EXO 23:25;positive;93;CCA7;To pray to G-d;Moses;otlaw;;;;;;
30;DEU 6:13;positive;93;CCA7;To pray to G-d;Moses;otlaw;;;;;;
31;;;;;;;;Tenth Commandment;If you forgive men their trespasses, your heavenly Father will also forgive you;;;Forgiveness is not an emotion. It is an act of the will.;Corrie ten Boom
31;MAT 6:12-15;both;;;;Jesus;primary;;;;;;
31;;;;;;;;;;;Are we prepared, out of love for Jesus, the Father and the other, to do what is necessary so that a relationship can be restored, to give satisfaction so that complete reconciliation becomes possible?;;
31;;;;;;;;;;;Are we willing to forgive the other out of love for Jesus, the Father and the other, regardless of whether or not the other asks for forgiveness?;;
31;;;;;;;;;;;Are we willing to give up our rights for reconciliation out of love for Jesus, the Father and the other?;;
31;;;;;;;;;;;Are we willing to step into a conflict and be accountable for love for Jesus, the Father and the other and to ask forgiveness for all guilt in which we do or do not participate?;;
31;2CH 7:14;positive;;;;HEERE;direct;;;;;;
31;MAT 18:21-35;positive;;;;Jesus;direct;;;;;;
31;LUK 17:3-4;positive;;;;Jesus;direct;;;;;;
31;JHN 20:23;positive;;;;Jesus;direct;;;;;;
31;2CO 2:10;positive;;;;Paul;direct;;;;;;
31;EPH 4:31-32;positive;;;;Paul;direct;;;;;;
31;COL 3:13;positive;;;;Paul;direct;;;;;;
31;LUK 6:37;positive;;;;Jesus;duplicate;;;;;;
31;LUK 11:4;positive;;;;Jesus;duplicate;;;;;;
31;MAT 5:21-26;both;;;;Jesus;example;;;;;;
31;MRK 11:25;positive;;;;Jesus;example;;;;;;
32;;;;;;;;First Commandment;Fast regularly;;;Physical obedience brings spiritual release;A & O Productions
32;MAT 6:16-18;positive;;;;Jesus;primary;;;;;;
32;;;;;;;;;;;Do you apply regular fasting in your life?;;
32;ISA 58:6;positive;;;;Jesus;direct;;;;;;
32;MAT 9:15;positive;;;;Jesus;direct;;;;;;
32;LUK 5:35;positive;;;;Jesus;direct;;;;;;
32;ACT 13:2-3;positive;;;;People from Antioch;direct;;;;;;
32;MRK 9:28-29;positive;;;;Jesus;indirect;;;;;;
32;MAT 17:21;positive;;;;Jesus;duplicate;;;;;;
32;MRK 2:18-20;positive;;;;Jesus;duplicate;;;;;;
32;2CH 20:2-4;positive;;;;Jehoshaphat;example;;;;;;
32;LUK 2:37;positive;;;;Anna (a prophetess);example;;;;;;
32;ACT 10:30-31;positive;;;;Cornelius;example;;;;;;
32;ACT 14:23;positive;;;;Paul and Barnabas;example;;;;;;
32;LEV 23:27;positive;313;CCA32;To fast on Yom Kippur;Moses;otlaw;;;;;;
33;;;;;;;;Second Commandment;Lay up for yourselves treasures in heaven;;;If you keep doing what you did, you will keep getting what you always got;Maarten Bruynes
33;MAT 6:19-21;positive;;;;Jesus;primary;;;;;;
33;;;;;;;;;;;What are your treasures?;;
33;MAT 12:34-35;both;;;;Jesus;direct;;;;;;
33;MAT 19:21;positive;;;;Jesus;direct;;;;;;
33;LUK 16:13;negative;;;;Jesus;direct;;;;;;
33;JAS 5:1-3;negative;;;;James;direct;;;;;;
33;PSA 62:11;negative;;;;David;indirect;;;;;;
33;LUK 12:33-34;positive;;;;Jesus;indirect;;;;;;
33;REV 3:20;negative;;;;Jesus;indirect;;;;;;
33;LUK 6:45;both;;;;Jesus;duplicate;;;;;;
33;LUK 18:22;positive;;;;Jesus;duplicate;;;;;;
33;LEV 25:14;positive;336;CCA67;To adjudicate cases of purchase and sale;Moses;otlaw;;;;;;
33;PRO 1:17-19;negative;;;;Solomon;wisdom;;;;;;
33;PRO 11:4;both;;;;Solomon;wisdom;;;;;;
33;PRO 11:28;both;;;;Solomon;wisdom;;;;;;
33;PRO 15:16;both;;;;Solomon;wisdom;;;;;;
33;PRO 23:4;negative;;;;Unknown;wisdom;;;;;;
33;ECC 5:9;negative;;;;Solomon;wisdom;;;;;;
34;;;;;;;;Second Commandment;Seek first the kingdom of God and His righteousness, and all these things shall be added to you;Do not worry about your life;;;
34;MAT 6:25-34;both;;;;Jesus;primary;;;;;;
34;EXO 16:4;both;;;;HEERE;direct;;;;;;
34;PSA 52:9-11;both;;;;David;direct;;;;;;
34;LUK 21:34;both;;;;Jesus;direct;;;;;;
34;PHP 4:6-7;positive;;;;Paul;direct;;;;;;
34;PSA 55:23-24;both;;;;David;indirect;;;;;;
34;ROM 9:30-33;negative;;;;Paul;indirect;;;;;;
34;LUK 12:22-34;both;;;;Jesus;duplicate;;;;;;
34;2CH 31:20-21;positive;;;;Hezekiah;example;;;;;;
34;DEU 10:20;positive;432;CCA16;To cleave to those who know Him (Equivalent to Cleaving to Him);HEERE;otlaw;;;;;;
34;ECC 2:11;negative;;;;Solomon;wisdom;;;;;;
35;;;;;;;;Sixth Commandment;"First cast out the beam out of thine own eye; and then shalt thou see clearly to cast out the mote out of thy brother’s eye";Do not judge, or you too will be judged;;;
35;MAT 7:1-5;positive;;;;Jesus;primary;;;;;;
35;2CH 19:10;positive;;;;Jehoshaphat;direct;;;;;;
35;MAT 7:6;negative;;;;Jesus;direct;;;;;;
35;MAT 18:15-17;positive;;;;Jesus;direct;;;;;;
35;MRK 4:24;both;;;;Jesus;direct;;;;;;
35;LUK 17:3;positive;;;;Jesus;direct;;;;;;
35;JHN 7:24;positive;;;;Jesus;direct;;;;;;
35;GAL 6:1;both;;;;Paul;direct;;;;;;
35;1SA 12:23;both;;;;Samuel;indirect;;;;;;
35;JAS 5:9;negative;;;;James;indirect;;;;;;
35;LUK 6:38;both;;;;Jesus;duplicate;;;;;;
35;ROM 1:32-2:3;negative;;;;Paul;example;;;;;;
35;1CO 4:14;positive;;;;Paul;example;;;;;;
35;JHN 13:2-17;positive;;;;Jesus;study;;;;;;
35;ROM 14:1-23;both;;;;Paul;study;;;;;;
35;LEV 19:17;positive;239;CCA72;To rebuke the sinner;HEERE;otlaw;;;;;;
35;PRO 3:11-12;negative;;;;Solomon;wisdom;;;;;;
35;PRO 9:8;both;;;;Solomon;wisdom;;;;;;
35;PRO 10:17;both;;;;Solomon;wisdom;;;;;;
35;PRO 12:1;both;;;;Solomon;wisdom;;;;;;
35;PRO 23:9;negative;;;;Unknown;wisdom;;;;;;
36;;;;;;;;First Commandment;Seek, and you will find;;;;
36;MAT 7:7-8;positive;;;;Jesus;primary;;;;;;
36;1CH 28:9;positive;;;;David;direct;;;;;;
36;2CH 15:2-4;positive;;;;Azariah;direct;;;;;;
36;PSA 22:27;positive;;;;David;direct;;;;;;
36;PSA 34:11;both;;;;David;direct;;;;;;
36;PSA 69:33;positive;;;;David;direct;;;;;;
36;ISA 55:6;positive;;;;Isaiah;direct;;;;;;
36;ZEP 2:3;positive;;;;Zephaniah;direct;;;;;;
36;MAT 6:33;positive;;;;Jesus;direct;;;;;;
36;ACT 17:26-27;positive;;;;Paul;direct;;;;;;
36;2CH 12:14;negative;;;;Rehoboam;indirect;;;;;;
36;PSA 105:3-5;positive;;;;Unknown;indirect;;;;;;
36;JER 6:16;both;;;;HEERE;indirect;;;;;;
36;JHN 14:6;positive;;;;Jesus;indirect;;;;;;
36;LUK 12:31;positive;;;;Jesus;duplicate;;;;;;
36;2CH 26:5;positive;;;;Uzziah;example;;;;;;
36;MAT 13:45;positive;;;;Jesus;example;;;;;;
36;PSA 14:1-7;negative;;;;David;study;;;;;;
36;PSA 53:1-7;negative;;;;David;study;;;;;;
36;PRO 8:17;positive;;;;Solomon;wisdom;;;;;;
37;;;;;;;;First Commandment;Knock, and it shall be opened unto you;;;;
37;MAT 7:7-8;positive;;;;Jesus;primary;;;;;;
37;PSA 4:4;positive;;;;David;direct;;;;;;
37;JHN 6:37;positive;;;;Jesus;direct;;;;;;
37;JAS 4:8;positive;;;;James;direct;;;;;;
37;REV 3:20;positive;;;;Jesus;direct;;;;;;
37;2CH 7:13-15;positive;;;;HEERE;indirect;;;;;;
37;2CH 33:12-13;positive;;;;Manasseh;example;;;;;;
37;ACT 10:30-31;positive;;;;Cornelius;example;;;;;;
37;LUK 11:5-13;both;;;;Jesus;study;;;;;;
37;JHN 10:1-18;both;;;;Jesus;study;;;;;;
38;;;;;;;;Tenth Commandment;Therefore, whatever you want men to do to you, do also to them;;;;
38;MAT 7:12;positive;;;;Jesus;primary;;;;;;
38;;;;;;;;;;;What is better? That others love you for who you are, or that others love you because they are loving people?;;
38;MRK 12:31;positive;;;;Jesus;direct;;;;;;
38;GAL 5:14;positive;;;;Paul;direct;;;;;;
38;PHP 2:4;both;;;;Paul;direct;;;;;;
38;PSA 94:5-7;negative;;;;Unknown;indirect;;;;;;
38;PSA 119:41-49;positive;;;;Unknown;indirect;;;;;;
38;ROM 12:9-10;positive;;;;Paul;indirect;;;;;;
38;LUK 6:31;positive;;;;Jesus;duplicate;;;;;;
38;JHN 15:12;positive;;;;Jesus;example;;;;;;
38;ROM 13:10;both;;;;Paul;example;;;;;;
38;EPH 4:2;positive;;;;Paul;example;;;;;;
38;2TI 3:1-5;negative;;;;Paul;example;;;;;;
38;1CO 13:1-13;both;;;;Paul;study;;;;;;
38;DEU 10:19;positive;431;CCA61;To love the stranger;HEERE;otlaw;;;;;;
38;DEU 22:8;positive;546;CCA75;To make a parapet for your roof;Moses;otlaw;;;;;;
38;PRO 24:29;negative;;;;Solomon;wisdom;;;;;;
38;PRO 25:8;negative;;;;Solomon;wisdom;;;;;;
39;;;;;;;;First Commandment;Strive to enter in at the strait gate;;;if I fail, I try again, and again, and again if you fail are you going to try again?;Nick Vujicic
39;LUK 13:24-25;both;;;;Jesus;primary;;;;;;
39;ROM 12:11;positive;;;;Paul;direct;;;;;;
39;1CO 9:24-25;both;;;;Paul;direct;;;;;;
39;1TI 6:12;positive;;;;Paul;direct;;;;;;
39;PSA 125:1-5;both;;;;Unknown;indirect;;;;;;
39;JHN 18:36;positive;;;;Jesus;indirect;;;;;;
39;MAT 7:13-14;both;;;;Jesus;duplicate;;;;;;
39;1TI 1:18;positive;;;;Paul;duplicate;;;;;;
39;COL 1:29;positive;;;;Paul;example;;;;;;
39;COL 4:12;positive;;;;Epaphras;example;;;;;;
39;2TI 4:7;positive;;;;Paul;example;;;;;;
39;PRO 2:1-22;both;;;;Solomon;wisdom;;;;;;
39;PRO 12:28;positive;;;;Solomon;wisdom;;;;;;
39;PRO 15:24;both;;;;Solomon;wisdom;;;;;;
40;;;;;;;;Ninth Commandment;Beware of false prophets;Dear friends, do not believe every spirit;;;
40;MAT 7:15-20;both;;;;Jesus;primary;;;;;;
40;DEU 13:3;negative;;;;Moses;direct;;;;;;
40;MAT 24:4;positive;;;;Jesus;direct;;;;;;
40;ROM 16:17;both;;;;Paul;direct;;;;;;
40;1CO 5:6-7;both;;;;Paul;direct;;;;;;
40;EPH 5:6;negative;;;;Paul;direct;;;;;;
40;COL 2:8;both;;;;Paul;direct;;;;;;
40;JER 23:16;negative;;;;Jeremiah;indirect;;;;;;
40;JER 29:8-9;negative;;;;HEERE;indirect;;;;;;
40;LUK 12:1;positive;;;;Jesus;indirect;;;;;;
40;LUK 20:46-47;both;;;;Jesus;indirect;;;;;;
40;1JN 4:1;negative;;;;John;indirect;;;;;;
40;2JN 1:7-11;negative;;;;John;indirect;;;;;;
40;MAT 16:6;positive;;;;Jesus;duplicate;;;;;;
40;MAT 16:11-12;positive;;;;Jesus;duplicate;;;;;;
40;MRK 8:15;negative;;;;Jesus;duplicate;;;;;;
40;MRK 12:38;positive;;;;Jesus;duplicate;;;;;;
40;MRK 13:5;positive;;;;Jesus;duplicate;;;;;;
40;LUK 21:8;negative;;;;Jesus;duplicate;;;;;;
40;1KI 13:15-19;negative;;;;Other;example;;;;;;
40;2CH 22:3-4;negative;;;;Ahaziah;example;;;;;;
40;2CH 24:17-19;negative;;;;Joash;example;;;;;;
40;ACT 20:28-31;positive;;;;Paul;example;;;;;;
40;PHP 3:2-3;positive;;;;Paul;example;;;;;;
40;DEU 18:18-22;both;;;;HEERE;study;;;;;;
40;1KI 22:19-28;positive;;;;Micaiah;study;;;;;;
40;PRO 14:15;both;;;;Solomon;wisdom;;;;;;
41;;;;;;;;Second Commandment;Listen to Jesus, understand and obey;;;When a man listens, God speaks. If a man obeys, God acts. When a man prays, God gives strength.;Corrie ten Boom
41;MAT 7:24-25;positive;;;;Jesus;primary;;;;;;
41;;;;;;;;;;;If you want to grow in applying your faith, what does that take?;;
41;;;;;;;;;;;Once you know what He says, can you trust it?;;
41;;;;;;;;;;;What keeps people away from God's Truth?;;
41;;;;;;;;;;;What makes it difficult for you to listen, understand and obey?;;
41;DEU 13:4;positive;;;;Moses;direct;;;;;;
41;MAT 13:10-17;both;;;;Jesus;direct;;;;;;
41;MAT 13:23;positive;;;;Jesus;direct;;;;;;
41;MAT 17:5;positive;;;;HEERE;direct;;;;;;
41;LUK 8:21;positive;;;;Jesus;direct;;;;;;
41;JHN 5:24;positive;;;;Jesus;direct;;;;;;
41;JHN 14:23;positive;;;;Jesus;direct;;;;;;
41;JHN 15:14-15;positive;;;;Jesus;direct;;;;;;
41;ACT 3:22;positive;;;;Peter;direct;;;;;;
41;ACT 5:29;positive;;;;Jesus;direct;;;;;;
41;ROM 2:13;both;;;;Paul;direct;;;;;;
41;PHP 4:9;positive;;;;Paul;direct;;;;;;
41;JAS 1:22-25;both;;;;James;direct;;;;;;
41;1JN 2:5;positive;;;;John;direct;;;;;;
41;REV 1:3;positive;;;;Jesus;direct;;;;;;
41;DEU 6:4-5;positive;;;;Moses;indirect;;;;;;
41;PSA 95:6-8;both;;;;Unknown;indirect;;;;;;
41;ISA 42:20;negative;;;;Isaiah;indirect;;;;;;
41;MAT 13:43;positive;;;;Jesus;indirect;;;;;;
41;MAT 22:14;positive;;;;Jesus;indirect;;;;;;
41;MRK 7:14-16;both;;;;Jesus;indirect;;;;;;
41;LUK 8:10;both;;;;Jesus;indirect;;;;;;
41;MRK 8:17;negative;;;;Jesus;duplicate;;;;;;
41;MRK 9:7;positive;;;;Jesus;duplicate;;;;;;
41;LUK 6:46-49;both;;;;Jesus;duplicate;;;;;;
41;LUK 9:35;positive;;;;HEERE;duplicate;;;;;;
41;JHN 10:27;positive;;;;Jesus;duplicate;;;;;;
41;REV 2:29;positive;;;;Jesus;duplicate;;;;;;
41;REV 3:6;positive;;;;Jesus;duplicate;;;;;;
41;REV 3:13;positive;;;;Jesus;duplicate;;;;;;
41;REV 13:9;positive;;;;Jesus;duplicate;;;;;;
41;DEU 18:18;positive;;;;HEERE;example;;;;;;
41;1SA 12:13-14;positive;;;;Samuel;example;;;;;;
41;2CH 33:10;negative;;;;Manasseh;example;;;;;;
41;MAT 15:10-11;positive;;;;Jesus;example;;;;;;
41;LUK 2:47;positive;;;;Other;example;;;;;;
41;LUK 9:45;negative;;;;Other;example;;;;;;
41;LUK 16:29;positive;;;;Abraham;example;;;;;;
41;LUK 17:7-10;both;;;;Jesus;example;;;;;;
41;LUK 18:34;negative;;;;Other;example;;;;;;
41;JHN 1:1-5;both;;;;John;example;;;;;;
41;JHN 8:51;positive;;;;Jesus;example;;;;;;
41;JHN 10:4;positive;;;;Sheep;example;;;;;;
41;ACT 7:37;positive;;;;Stephen;example;;;;;;
41;ACT 7:51-53;negative;;;;Stephen;example;;;;;;
41;ACT 22:14-15;positive;;;;Paul;example;;;;;;
41;ACT 28:23-28;both;;;;Paul;example;;;;;;
41;2CO 1:13;both;;;;Paul;example;;;;;;
41;PHP 4:9;positive;;;;Paul;example;;;;;;
41;1SA 15:20-23;negative;;;;Saul;study;;;;;;
41;1SA 23:1-5;positive;;;;David;study;;;;;;
41;REV 2:7;positive;;;;Jesus;study;;;;;;
41;REV 2:11;positive;;;;Jesus;study;;;;;;
41;REV 2:17;positive;;;;Jesus;study;;;;;;
41;REV 3:20-22;positive;;;;Jesus;study;;;;;;
41;PRO 1:24-33;both;;;;Solomon;wisdom;;;;;;
42;;;;;;;;Tenth Commandment;Be of good cheer;Be not afraid;;Courage is when you overcome fear;Nick Vujicic
42;MAT 9:2;positive;;;;Jesus;primary;;;;;;
42;JOS 1:9;both;;;;HEERE;direct;;;;;;
42;1CH 19:13;positive;;;;Joab;direct;;;;;;
42;1CH 22:11-13;positive;;;;David;direct;;;;;;
42;1CH 28:20;positive;;;;David;direct;;;;;;
42;2CH 15:7;positive;;;;Azariah;direct;;;;;;
42;JHN 12:15;negative;;;;Jesus;direct;;;;;;
42;JHN 16:33;positive;;;;Jesus;direct;;;;;;
42;ROM 8:38-39;positive;;;;Paul;direct;;;;;;
42;JER 1:8;both;;;;HEERE;indirect;;;;;;
42;MAT 9:22;positive;;;;Jesus;indirect;;;;;;
42;MAT 10:31;negative;;;;Jesus;indirect;;;;;;
42;MAT 14:27;both;;;;Jesus;indirect;;;;;;
42;LUK 12:4;negative;;;;Jesus;indirect;;;;;;
42;LUK 18:1-8;both;;;;Jesus;indirect;;;;;;
42;1SA 14:6;positive;;;;Jonathan;example;;;;;;
42;2KI 6:14-17;positive;;;;Elisha;example;;;;;;
42;1CH 26:6-12;positive;;;;Undetermined;example;;;;;;
42;1CH 26:30-32;positive;;;;Undetermined;example;;;;;;
42;2CH 32:7-8;positive;;;;Hezekiah;example;;;;;;
42;PRO 1:33;positive;;;;Solomon;wisdom;;;;;;
43;;;;;;;;Sixth Commandment;Be moved with inner compassion with the people around you;;;;
43;MAT 9:36;positive;;;;Jesus;primary;;;;;;
43;ISA 61:1;positive;;;;Isaiah;direct;;;;;;
43;MAT 25:36;positive;;;;Jesus;direct;;;;;;
43;JHN 11:33;positive;;;;Jesus;direct;;;;;;
43;ROM 12:15;positive;;;;Paul;direct;;;;;;
43;HEB 13:3;positive;;;;Paul?;direct;;;;;;
43;EXO 23:5;positive;80;CCA70;To relieve a neighbor of his burden and help to unload his beast;Moses;indirect;;;;;;
43;DEU 22:4;positive;541;CCA71;To assist in replacing the load upon a neighbor's beast;Moses;indirect;;;;;;
43;ISA 42:6-7;positive;;;;Isaiah;indirect;;;;;;
43;MAT 25:36;positive;;;;Jesus;indirect;;;;;;
43;MRK 6:34;positive;;;;Jesus;indirect;;;;;;
43;LUK 4:18;positive;;;;Jesus;indirect;;;;;;
43;MAT 14:14;positive;;;;Jesus;duplicate;;;;;;
43;MAT 15:32;positive;;;;Jesus;duplicate;;;;;;
43;MAT 20:34;positive;;;;Jesus;duplicate;;;;;;
43;MRK 1:41;positive;;;;Jesus;duplicate;;;;;;
43;LUK 7:13;positive;;;;Jesus;duplicate;;;;;;
43;LUK 10:33;positive;;;;Jesus;duplicate;;;;;;
43;MRK 8:2;positive;;;;Jesus;example;;;;;;
43;LUK 18:38-39;positive;;;;Other;example;;;;;;
43;ROM 9:15-18;positive;;;;HEERE;example;;;;;;
43;2TI 1:16-17;positive;;;;Paul;example;;;;;;
43;LUK 14:12-14;positive;;;;Jesus;study;;;;;;
43;JOB 11:2-3;negative;;;;Zophar (Friend of Job);wisdom;;;;;;
43;JOB 20:21-22;both;;;;Job;wisdom;;;;;;
44;;;;;;;;Ninth Commandment;Be wise as serpents and harmless as doves;Do not throw your pearls to pigs;;;
44;MAT 10:16-17;positive;;;;Jesus;primary;;;;;;
44;PSA 101:1-8;positive;;;;David;direct;;;;;;
44;MAT 7:6;negative;;;;Jesus;direct;;;;;;
44;PSA 84:12;positive;;;;Sons of Korah;indirect;;;;;;
44;PSA 97:10-12;positive;;;;Unknown;indirect;;;;;;
44;ACT 13:6-12;negative;;;;Paul;example;;;;;;
44;ACT 22:17-21;positive;;;;Paul;example;;;;;;
44;JOB 1:1;positive;;;;Job;wisdom;;;;;;
44;JOB 12:4;both;;;;Job;wisdom;;;;;;
44;PRO 1:22;negative;;;;Solomon;wisdom;;;;;;
44;PRO 2:7-11;positive;;;;Solomon;wisdom;;;;;;
44;PRO 3:13-24;positive;;;;Solomon;wisdom;;;;;;
44;PRO 5:1-2;positive;;;;Solomon;wisdom;;;;;;
44;PRO 9:7-8;both;;;;Solomon;wisdom;;;;;;
44;PRO 23:9;negative;;;;Unknown;wisdom;;;;;;
44;ECC 9:13-18;both;;;;Solomon;wisdom;;;;;;
45;;;;;;;;Third Commandment;Fear him, which after he hath killed hath power to cast into hell;Be not afraid of them that kill the body, and after that have no more that they can do;;;
45;LUK 12:4-5;positive;;;;Jesus;primary;;;;;;
45;DEU 13:4;positive;;;;Moses;direct;;;;;;
45;JOS 24:14;both;;;;HEERE;direct;;;;;;
45;PSA 2:11;positive;;;;Unknown;direct;;;;;;
45;PSA 34:10;positive;;;;David;direct;;;;;;
45;PSA 111:10;positive;;;;Unknown;direct;;;;;;
45;PSA 112:1;positive;;;;Unknown;direct;;;;;;
45;MAL 4:2;positive;;;;Malachi;direct;;;;;;
45;MAT 10:26-33;both;;;;Jesus;direct;;;;;;
45;LUK 1:50;positive;;;;Mary;direct;;;;;;
45;EXO 20:5-6;both;;;;HEERE;indirect;;;;;;
45;DEU 10:12;positive;;;;HEERE;indirect;;;;;;
45;DEU 17:19-20;both;;;;Moses;indirect;;;;;;
45;1KI 8:39-40;positive;;;;Solomon;indirect;;;;;;
45;PSA 85:9-14;both;;;;Sons of Korah;indirect;;;;;;
45;PSA 128:1-6;positive;;;;Unknown;indirect;;;;;;
45;2SA 6:6-9;both;;;;Moses;example;;;;;;
45;PSA 34:12;positive;;;;David;example;;;;;;
45;ACT 2:43;positive;;;;Other;example;;;;;;
45;ACT 5:1-11;negative;;;;Ananias and Sapphira;example;;;;;;
45;ACT 9:31;positive;;;;Churches throughout all Judaea and Galilee and Samaria;example;;;;;;
45;ACT 10:1-2;positive;;;;Cornelius with all his house;example;;;;;;
45;GAL 1:10;negative;;;;Paul;example;;;;;;
45;1CH 13:6-14;negative;;;;David;study;;;;;;
45;1CH 15:1-15;positive;;;;David;study;;;;;;
45;LEV 19:30;positive;254;CCA18;To revere the Sanctuary;HEERE;otlaw;;;;;;
45;DEU 6:13;positive;432;CCA4;To fear Him reverently;Moses;otlaw;;;;;;
45;DEU 10:20;positive;432;CCA4;To fear Him reverently;HEERE;otlaw;;;;;;
45;DEU 31:12;positive;612;;To assemble the people to hear the Torah at the close of the seventh year;Moses;otlaw;;;;;;
45;JOB 1:1;positive;;;;Job;wisdom;;;;;;
45;JOB 13:11;negative;;;;Job;wisdom;;;;;;
45;PRO 1:7;both;;;;Solomon;wisdom;;;;;;
45;PRO 2:1-6;positive;;;;Solomon;wisdom;;;;;;
45;PRO 8:13;both;;;;Solomon;wisdom;;;;;;
45;PRO 14:26-27;positive;;;;Solomon;wisdom;;;;;;
45;ECC 8:12-13;both;;;;Solomon;wisdom;;;;;;
45;ECC 12:13-14;both;;;;Solomon;wisdom;;;;;;
45;HEB 12:5-6;both;;;;Paul?;wisdom;;;;;;
46;;;;;;;;First Commandment;Tell to people boldly, what Jesus says to you;Do not be afraid of them;;;
46;MAT 10:26-27;positive;;;;Jesus;primary;;;;;;
46;;;;;;;;;;;How bold is your witness?;;
46;JER 1:8;positive;;;;Jeremiah;direct;;;;;;
46;ACT 4:29-31;positive;;;;Apostles;direct;;;;;;
46;ACT 5:19-21;positive;;;;Peter and others;direct;;;;;;
46;ACT 28:31;positive;;;;Paul;direct;;;;;;
46;PSA 119:41-48;positive;;;;Unknown;indirect;;;;;;
46;ISA 8:12;negative;;;;Isaiah;indirect;;;;;;
46;ACT 19:8;positive;;;;Paul;duplicate;;;;;;
46;2CH 18:13;positive;;;;Micaiah;example;;;;;;
46;PSA 51:14-15;positive;;;;David;example;;;;;;
46;ISA 20:2-4;positive;;;;Isaiah;example;;;;;;
46;ACT 7:54-60;positive;;;;Stephen;example;;;;;;
46;ACT 9:29;positive;;;;Barnabas;example;;;;;;
46;ACT 18:9-10;positive;;;;Paul;example;;;;;;
46;ACT 23:11;positive;;;;Paul;example;;;;;;
46;PSA 96:1-13;positive;;;;Unknown;study;;;;;;
46;NUM 15:38;positive;386;CCA10;To put tzitzit on the corners of clothing;CCA10;otlaw;;;;;;
46;PRO 3:27;negative;;;;Solomon;wisdom;;;;;;
46;PRO 29:25;both;;;;Solomon;wisdom;;;;;;
46;ECC 3:7;positive;;;;Solomon;wisdom;;;;;;
47;;;;;;;;Second Commandment;Love God above all;;;;
47;MAT 10:37;negative;;;;Jesus;primary;;;;;;
47;EXO 20:2-3;positive;;;;HEERE;direct;;;;;;
47;DEU 13:6-8;negative;;;;Moses;direct;;;;;;
47;LUK 14:26;negative;;;;Jesus;direct;;;;;;
47;DEU 5:8-10;negative;;;;HEERE;indirect;;;;;;
47;PSA 23:1;positive;;;;David;indirect;;;;;;
47;DEU 33:9;positive;;;;Moses;example;;;;;;
47;PSA 103:1-22;positive;;;;David;study;;;;;;
47;DEU 6:5;positive;418;CCA3;To love G-d;Moses;otlaw;;;;;;
47;PRO 8:17;positive;;;;Solomon;wisdom;;;;;;
48;;;;;;;;Tenth Commandment;Deny yourself, take up a cross, and follow Jesus;;;;
48;MAT 16:24;positive;;;;Jesus;primary;;;;;;
48;;;;;;;;;;;Will you give up your life to follow Christ?;;
48;MAT 10:38;negative;;;;Jesus;direct;;;;;;
48;LUK 14:27;negative;;;;Jesus;direct;;;;;;
48;JHN 15:14;positive;;;;Jesus;direct;;;;;;
48;PHP 3:7;positive;;;;Paul;direct;;;;;;
48;1PE 2:21;positive;;;;Peter;direct;;;;;;
48;LUK 18:22;both;;;;Jesus;indirect;;;;;;
48;1JN 5:3;positive;;;;John;indirect;;;;;;
48;MRK 8:34;positive;;;;Jesus;duplicate;;;;;;
48;LUK 9:23;positive;;;;Jesus;duplicate;;;;;;
48;GEN 7:5;positive;;;;Noah;example;;;;;;
48;LUK 5:11;positive;;;;Simon and James;example;;;;;;
48;LUK 5:27-28;positive;;;;Levi;example;;;;;;
48;LUK 18:28-30;positive;;;;Jesus;example;;;;;;
48;JOB 6:10;positive;;;;Job;wisdom;;;;;;
49;;;;;;;;Tenth Commandment;Receive him whom I will send;It is a sin to despise one’s neighbor;;;
49;JHN 13:20;positive;;;;Jesus;primary;;;;;;
49;LEV 19:33-34;both;;;;HEERE;direct;;;;;;
49;ISA 58:7;positive;;;;Isaiah;direct;;;;;;
49;MAT 25:35;positive;;;;Jesus;direct;;;;;;
49;ROM 12:13;positive;;;;Paul;direct;;;;;;
49;HEB 13:2;negative;;;;Paul?;direct;;;;;;
49;2SA 22:21-23;negative;;;;HEERE;indirect;;;;;;
49;MAT 10:40-41;positive;;;;Jesus;indirect;;;;;;
49;ACT 9:43;positive;;;;Simon;example;;;;;;
49;ACT 28:30;positive;;;;Paul;example;;;;;;
49;PHP 2:29;positive;;;;People in Philippians;example;;;;;;
49;JOB 31:32;positive;;;;Job;wisdom;;;;;;
49;PRO 14:21;both;;;;Solomon;wisdom;;;;;;
50;;;;;;;;Third Commandment;Blessed is he who does not offend Me;;;;
50;MAT 11:6;positive;;;;Jesus;primary;;;;;;
50;;;;;;;;;;;Who do you want as your worst enemy: the world or God?;;
50;MAT 10:32-33;both;;;;Jesus;direct;;;;;;
50;MAT 13:20-21;negative;;;;Jesus;direct;;;;;;
50;LUK 9:26;negative;;;;Jesus;direct;;;;;;
50;2TI 1:8;positive;;;;Paul;direct;;;;;;
50;1JN 2:23;negative;;;;Jesus;direct;;;;;;
50;MRK 8:38;negative;;;;Jesus;indirect;;;;;;
50;JHN 15:18-16:4;both;;;;Jesus;indirect;;;;;;
50;LUK 7:23;positive;;;;Jesus;duplicate;;;;;;
50;LUK 12:8-9;negative;;;;Jesus;duplicate;;;;;;
50;2SA 6:16-21;both;;;;David;example;;;;;;
51;;;;;;;;Second Commandment;Take My yoke upon you and learn from Me, for I am gentle and lowly in heart, and you will find rest for your souls;;;Jesus is the beast of burden that wants to form that team with us;broedersinchristus.nl
51;MAT 11:28-30;positive;;;;Jesus;primary;;;;;;
51;PSA 27:4;positive;;;;David;direct;;;;;;
51;JER 6:16;both;;;;HEERE;direct;;;;;;
51;MRK 6:30-31;positive;;;;Jesus;direct;;;;;;
51;ROM 7:22;positive;;;;Paul;direct;;;;;;
51;1JN 5:3;positive;;;;John;direct;;;;;;
51;EXO 19:5-6;positive;;;;Moses;indirect;;;;;;
51;DEU 22:10;positive;;;;Moses;indirect;;;;;;
51;PSA 62:2;positive;;;;David;indirect;;;;;;
51;ISA 40:29-31;positive;;;;Isaiah;indirect;;;;;;
51;ACT 15:10;negative;;;;Paul and Barnabas;indirect;;;;;;
51;2CO 6:14;negative;;;;Paul;indirect;;;;;;
51;GAL 5:1;both;;;;Paul;indirect;;;;;;
51;1PE 2:9;positive;;;;Peter;indirect;;;;;;
51;REV 1:6;positive;;;;Jesus;indirect;;;;;;
51;REV 5:10;positive;;;;Jesus;indirect;;;;;;
51;2CH 14:2-7;positive;;;;Asa;example;;;;;;
51;MRK 3:14;positive;;;;Jesus;example;;;;;;
51;LUK 10:38-42;both;;;;Martha & Mary;example;;;;;;
51;PHP 2:5-11;positive;;;;Jesus;example;;;;;;
51;PRO 23:26;positive;;;;Solomon;wisdom;;;;;;
52;;;;;;;;Third Commandment;Calm words are a tree of life;;;Words which do not give the light of Christ increase the darkness;Mother Teresa
52;MAT 12:36-37;positive;;;;Jesus;primary;;;;;;
52;PSA 141:3;positive;;;;David;direct;;;;;;
52;PSA 106:32-33;negative;;;;Moses;indirect;;;;;;
52;PSA 120:1-7;both;;;;Unknown;indirect;;;;;;
52;MAT 15:11;both;;;;Jesus;indirect;;;;;;
52;LEV 22:32;positive;296;CCA5;To hallow G-d's name;HEERE;otlaw;;;;;;
52;JOB 4:2;negative;;;;Friend of Job;wisdom;;;;;;
52;JOB 13:5;positive;;;;Job;wisdom;;;;;;
52;JOB 19:29;negative;;;;Job;wisdom;;;;;;
52;PRO 10:11;both;;;;Solomon;wisdom;;;;;;
52;PRO 10:19-21;both;;;;Solomon;wisdom;;;;;;
52;PRO 10:31-32;both;;;;Solomon;wisdom;;;;;;
52;PRO 15:1;both;;;;Solomon;wisdom;;;;;;
52;PRO 15:4;both;;;;Solomon;wisdom;;;;;;
52;PRO 16:24;positive;;;;Solomon;wisdom;;;;;;
52;PRO 17:27;positive;;;;Solomon;wisdom;;;;;;
52;PRO 18:21;both;;;;Solomon;wisdom;;;;;;
52;PRO 29:20;negative;;;;Solomon;wisdom;;;;;;
53;;;;;;;;First Commandment;Do the will of the Father;;;;
53;MAT 12:50;positive;;;;Jesus;primary;;;;;;
53;JER 29:11;positive;;;;HEERE;direct;;;;;;
53;JHN 4:34;positive;;;;Jesus;direct;;;;;;
53;JHN 9:31;positive;;;;Jesus;direct;;;;;;
53;JHN 14:23;positive;;;;Jesus;direct;;;;;;
53;JHN 15:14;positive;;;;Jesus;direct;;;;;;
53;1JN 2:17;positive;;;;John;direct;;;;;;
53;DEU 10:12;positive;;;;HEERE;indirect;;;;;;
53;PSA 119:105-112;positive;;;;Unknown;indirect;;;;;;
53;MRK 3:35;positive;;;;Jesus;indirect;;;;;;
53;JHN 5:30;positive;;;;Jesus;indirect;;;;;;
53;JHN 7:17;positive;;;;Jesus;indirect;;;;;;
53;MRK 14:36;positive;;;;Jesus;duplicate;;;;;;
53;LUK 22:42;positive;;;;Jesus;duplicate;;;;;;
53;2SA 2:1;positive;;;;David;example;;;;;;
53;2SA 5:19;positive;;;;David;example;;;;;;
53;PSA 40:7-9;both;;;;David;example;;;;;;
53;MAT 21:28-31;both;;;;Jesus;example;;;;;;
53;MAT 26:39;positive;;;;Jesus;example;;;;;;
53;LUK 2:49;positive;;;;Jesus;example;;;;;;
53;JHN 6:38-40;positive;;;;Jesus;example;;;;;;
53;ACT 21:12-14;positive;;;;Paul;example;;;;;;
53;COL 4:12;positive;;;;Epaphras;example;;;;;;
53;PSA 37:1-40;both;;;;David;study;;;;;;
53;ACT 12:1-19;positive;;;;James and Peter;study;;;;;;
54;;;;;;;;Eighth Commandment;Give to the emperor what is from the emperor, and to God what is from God;;;;
54;MAT 22:21;positive;;;;Jesus;primary;;;;;;
54;MRK 10:19;negative;;;;Jesus;direct;;;;;;
54;ROM 13:1-7;positive;;;;Paul;direct;;;;;;
54;MAT 17:24-27;positive;;;;Jesus;indirect;;;;;;
54;LUK 3:13;negative;;;;Jesus;indirect;;;;;;
54;LUK 16:10-12;both;;;;Jesus;indirect;;;;;;
54;LUK 18:20;negative;;;;Jesus;duplicate;;;;;;
54;LUK 20:24-25;positive;;;;Jesus;duplicate;;;;;;
54;1CH 29:23-24;positive;;;;Solomon;example;;;;;;
54;MRK 12:14-17;positive;;;;Jesus;example;;;;;;
54;PRO 29:4;negative;;;;Solomon;wisdom;;;;;;
54;ECC 8:2;positive;;;;Solomon;wisdom;;;;;;
55;;;;;;;;First Commandment;Unless you are converted and become as little children, you will by no means enter the kingdom of heaven;;;;
55;MAT 18:3;negative;;;;Jesus;primary;;;;;;
55;;;;;;;;;;;Jesus  talks  much  about  the  Kingdom  of  God  in  His  ministry.  What is the Kingdom of God, and what does it mean to receive it?;;
55;;;;;;;;;;;What characteristics of children does Jesus want His disciples to recognize and emulate in receiving His Kingdom?;;
55;;;;;;;;;;;What would it look like in your work, finances, relationships, and neighborhood to receive the Kingdom of God like a child?;;
55;;;;;;;;;;;Why  is  receiving  Jesus  and  His  Kingdom  better  than  anything  this world has to offer?;;
55;PSA 127:3-5;positive;;;;David;direct;;;;;;
55;MRK 10:15;both;;;;Jesus;direct;;;;;;
55;1CO 14:20;both;;;;Paul;direct;;;;;;
55;1PE 2:1-2;both;;;;Peter;direct;;;;;;
55;PSA 8:3;positive;;;;David;indirect;;;;;;
55;PSA 131:1-3;positive;;;;David;indirect;;;;;;
55;LUK 18:17;both;;;;Jesus;duplicate;;;;;;
56;;;;;;;;Sixth Commandment;Whoso shall receive one such little child in my name receiveth me;;;;
56;MAT 18:5;positive;;;;Jesus;primary;;;;;;
56;MAT 18:10-14;positive;;;;Jesus;direct;;;;;;
56;MAT 19:13-14;both;;;;Jesus;direct;;;;;;
56;LUK 9:48;positive;;;;Jesus;direct;;;;;;
56;MRK 9:36-37;positive;;;;Jesus;duplicate;;;;;;
56;MRK 10:13-14;both;;;;Jesus;duplicate;;;;;;
56;LUK 18:16;both;;;;Jesus;duplicate;;;;;;
56;2CH 34:1-3;positive;;;;Josiah;example;;;;;;
57;;;;;;;;First Commandment;Desire something in union on the earth, and it will fall to you from My Father who is in heaven;;;;
57;MAT 18:19-20;positive;;;;Jesus;primary;;;;;;
57;JHN 17:11;positive;;;;Jesus;direct;;;;;;
57;JHN 17:20-23;positive;;;;Jesus;direct;;;;;;
57;ACT 2:42-47;positive;;;;Many disciples (men and woman);direct;;;;;;
57;ROM 12:16;both;;;;Paul;direct;;;;;;
57;ROM 15:5-7;positive;;;;Paul;direct;;;;;;
57;GAL 3:26-29;positive;;;;Paul;direct;;;;;;
57;PSA 34:4;positive;;;;David;indirect;;;;;;
57;PSA 133:1-3;positive;;;;David;indirect;;;;;;
57;JHN 6:43;negative;;;;Jesus;indirect;;;;;;
57;ROM 8:14-17;positive;;;;Paul;indirect;;;;;;
57;ACT 1:14;positive;;;;Many disciples (men and woman);example;;;;;;
58;;;;;;;;Second Commandment;Blessed are they that hear the word of God, and keep it;;;;
58;LUK 11:28;positive;;;;Jesus;primary;;;;;;
58;;;;;;;;;;;Once you know what He says, can you trust it?;;
58;PSA 12:6-7;positive;;;;David;direct;;;;;;
58;PSA 119:97-112;positive;;;;Unknown;direct;;;;;;
58;ISA 8:20;positive;;;;Isaiah;direct;;;;;;
58;ISA 34:16;positive;;;;Isaiah;direct;;;;;;
58;ACT 17:11;positive;;;;People from Berea;direct;;;;;;
58;PHP 2:14-16;positive;;;;Paul;direct;;;;;;
58;2TI 3:16-17;positive;;;;Paul;direct;;;;;;
58;ISA 40:6-8;positive;;;;Isaiah;indirect;;;;;;
58;LUK 16:29;positive;;;;Abraham;indirect;;;;;;
58;1CH 28:6-10;positive;;;;David;example;;;;;;
58;1CH 29:19;positive;;;;David;example;;;;;;
58;2CH 18:4;positive;;;;Jehoshaphat;example;;;;;;
58;JHN 5:39;both;;;;Jesus;example;;;;;;
58;ACT 13:48-49;positive;;;;People from Antioch;example;;;;;;
58;ACT 18:11;positive;;;;Paul;example;;;;;;
58;PSA 119:1-176;positive;;;;David;study;;;;;;
58;PRO 4:1-13;both;;;;Solomon;wisdom;;;;;;
58;PRO 7:1-3;positive;;;;Solomon;wisdom;;;;;;
58;PRO 8:32-36;both;;;;Solomon;wisdom;;;;;;
58;PRO 13:13;both;;;;Solomon;wisdom;;;;;;
58;PRO 16:20;positive;;;;Solomon;wisdom;;;;;;
59;;;;;;;;Tenth Commandment;Take heed, and beware of covetousness;;;;
59;LUK 12:15;positive;;;;Jesus;primary;;;;;;
59;;;;;;;;;;;Do you recognize one of the symptoms for greed mentioned in the description?;;
59;LUK 3:14;both;;;;John the baptist;direct;;;;;;
59;LUK 12:16-21;negative;;;;Jesus;direct;;;;;;
59;EPH 5:3-4;both;;;;Paul;direct;;;;;;
59;1TI 6:6-10;both;;;;Paul;direct;;;;;;
59;HEB 13:5;positive;;;;Paul?;direct;;;;;;
59;PHP 4:11-13;positive;;;;Paul;indirect;;;;;;
59;PRO 3:31-32;negative;;;;Solomon;wisdom;;;;;;
59;PRO 28:25;both;;;;Solomon;wisdom;;;;;;
59;ECC 6:7-9;negative;;;;Solomon;wisdom;;;;;;
60;;;;;;;;First Commandment;Look forward to the wedding of the Lamb;;;;
60;LUK 14:15-24;both;;;;Jesus;primary;;;;;;
60;REV 19:6-9;positive;;;;Jesus;direct;;;;;;
60;NUM 29:1;positive;405;CCA30;To hear the sound of the shofar on Rosh Hashanah;Moses;indirect;;;;;;
60;DEU 16:14;positive;488;CCA21;To rejoice on the festivals;Moses;indirect;;;;;;
60;MAT 25:1-13;both;;;;Jesus;indirect;;;;;;
60;MAT 22:2-14;both;;;;Jesus;duplicate;;;;;;
60;JHN 3:29;positive;;;;John the baptist;example;;;;;;
60;PSA 45:1-18;positive;;;;Unknown;study;;;;;;
61;;;;;;;;Sixth Commandment;Find the lost sheep;;;;
61;LUK 15:4-7;both;;;;Jesus;primary;;;;;;
61;LUK 15:8-10;positive;;;;Jesus;direct;;;;;;
61;LUK 15:20;positive;;;;Jesus;direct;;;;;;
61;LUK 15:32;positive;;;;Jesus;direct;;;;;;
61;LUK 19:9-10;positive;;;;Jesus;direct;;;;;;
61;MAT 15:24;both;;;;Jesus;indirect;;;;;;
61;PSA 119:176;positive;;;;David;example;;;;;;
62;;;;;;;;Tenth Commandment;In every thing give thanks;;;It is not happiness that makes you grateful, but gratitude makes you happy;Maarten Bruynes
62;LUK 17:11-19;both;;;;Jesus;primary;;;;;;
62;PSA 150:1-6;positive;;;;Unknown;direct;;;;;;
62;1CO 15:57;positive;;;;Paul;direct;;;;;;
62;EPH 5:20;positive;;;;Paul;direct;;;;;;
62;PHP 4:6-7;positive;;;;Paul;direct;;;;;;
62;COL 3:15-17;positive;;;;Paul;direct;;;;;;
62;COL 4:2;positive;;;;Paul;direct;;;;;;
62;1TH 5:16-18;positive;;;;Paul;direct;;;;;;
62;2TH 1:3;positive;;;;Paul;direct;;;;;;
62;1CH 16:34;positive;;;;David;example;;;;;;
62;JON 2:10;positive;;;;Jonah;example;;;;;;
62;LUK 22:19;positive;;;;Jesus;example;;;;;;
62;REV 5:13;positive;;;;Every creature;example;;;;;;
62;PSA 148:1-14;positive;;;;Unknown;study;;;;;;
62;DEU 8:10;positive;430;CCA13;To recite grace after meals;Moses;otlaw;;;;;;
62;ECC 3:12-14;positive;;;;Solomon;wisdom;;;;;;
62;ECC 5:17-19;positive;;;;Solomon;wisdom;;;;;;
63;;;;;;;;Fifth Commandment;Honor your father and your mother;;;;
63;MAT 19:19;positive;;;;Jesus;primary;;;;;;
63;MRK 10:19;both;;;;Jesus;direct;;;;;;
63;JHN 19:26-27;positive;;;;John;direct;;;;;;
63;COL 3:20;positive;;;;Paul;direct;;;;;;
63;1TI 5:4;positive;;;;Paul;indirect;;;;;;
63;LUK 18:20;both;;;;Jesus;duplicate;;;;;;
63;1KI 19:19-21;positive;;;;Elisha;example;;;;;;
63;LUK 2:51;positive;;;;Jesus;example;;;;;;
63;EXO 20:12;positive;33;CCA41;To honor father and mother;Moses;otlaw;;;;;;
63;LEV 19:3;positive;212;CCA42;To reverently fear father and mother;HEERE;otlaw;;;;;;
63;LEV 19:3;positive;;;;Solomon;wisdom;;;;;;
63;PRO 4:1-13;both;;;;Solomon;wisdom;;;;;;
63;PRO 6:20-26;both;;;;Solomon;wisdom;;;;;;
63;PRO 10:1;positive;;;;Solomon;wisdom;;;;;;
63;PRO 13:1;both;;;;Solomon;wisdom;;;;;;
64;;;;;;;;Eighth Commandment;"Many that are first shall be last; and the last shall be first";For whosoever exalteth himself shall be abased;;;
64;MAT 19:30;both;;;;Jesus;primary;;;;;;
64;PSA 138:6;both;;;;David;direct;;;;;;
64;MAT 20:26-27;positive;;;;Jesus;direct;;;;;;
64;MAT 23:10-12;both;;;;Jesus;direct;;;;;;
64;PHP 2:3;positive;;;;Paul;direct;;;;;;
64;JAS 4:6;both;;;;James;direct;;;;;;
64;1PE 5:2-3;both;;;;Peter;direct;;;;;;
64;1PE 5:5;both;;;;Peter;direct;;;;;;
64;MAT 20:16;both;;;;Jesus;indirect;;;;;;
64;LUK 1:51-52;positive;;;;Mary;indirect;;;;;;
64;ROM 12:3;positive;;;;Paul;indirect;;;;;;
64;ROM 12:16;both;;;;Paul;indirect;;;;;;
64;MRK 9:35;positive;;;;Jesus;duplicate;;;;;;
64;MRK 10:31;both;;;;Jesus;duplicate;;;;;;
64;LUK 13:30;both;;;;Jesus;duplicate;;;;;;
64;LUK 18:14;positive;;;;Jesus;duplicate;;;;;;
64;LUK 22:26-27;positive;;;;Jesus;duplicate;;;;;;
64;JAS 4:10;positive;;;;James;duplicate;;;;;;
64;2CH 26:16;negative;;;;Uzziah;example;;;;;;
64;2CH 32:24-26;both;;;;Hezekiah;example;;;;;;
64;2CH 34:26-28;positive;;;;Josiah;example;;;;;;
64;PSA 131:1;positive;;;;Unknown;example;;;;;;
64;MAT 18:4;positive;;;;Jesus;example;;;;;;
64;MRK 10:43-45;positive;;;;Jesus;example;;;;;;
64;PSA 113:1-9;positive;;;;Unknown;study;;;;;;
64;LUK 14:7-11;both;;;;Jesus;study;;;;;;
64;LEV 19:32;positive;257;CCA17;To honor the old and the wise;HEERE;otlaw;;;;;;
64;LEV 21:8;positive;269;CCA50;To show honor to a kohein, and to give him precedence in all things that are holy;HEERE;otlaw;;;;;;
64;JOB 22:29;positive;;;;Job;wisdom;;;;;;
64;PRO 16:19;both;;;;Solomon;wisdom;;;;;;
64;PRO 25:6-7;both;;;;Solomon;wisdom;;;;;;
64;PRO 29:23;positive;;;;Solomon;wisdom;;;;;;
65;;;;;;;;Fourth Commandment;Have faith in God;;;Fear is the glue that keeps you stuck. Faith is the solvent that sets you free.;Shannon L. Alder
65;MRK 11:12-23;both;;;;Jesus;primary;;;;;;
65;;;;;;;;;;;How do you know what somebody believes in?;;
65;;;;;;;;;;;What do you think believe is all about?;;
65;PSA 2:12;both;;;;Unknown;direct;;;;;;
65;MRK 10:27;both;;;;Jesus;direct;;;;;;
65;ROM 12:1-2;both;;;;Paul;direct;;;;;;
65;1TI 1:19;positive;;;;Paul;direct;;;;;;
65;PSA 52:8-11;both;;;;David;indirect;;;;;;
65;1SA 14:6-12;positive;;;;Jonathan;example;;;;;;
65;1SA 17:45-47;positive;;;;David;example;;;;;;
65;1CH 5:20;positive;;;;Sons of Reuben, and the Gadites, and half the tribe of Manasseh;example;;;;;;
65;JHN 20:27;negative;;;;Thomas;example;;;;;;
65;PRO 3:5-6;positive;;;;Solomon;wisdom;;;;;;
65;PRO 16:20;positive;;;;Solomon;wisdom;;;;;;
65;PRO 29:25;both;;;;Solomon;wisdom;;;;;;
66;;;;;;;;First Commandment;You shall love the LORD your God with all your heart, with all your soul, with all your mind, and with all your strength;;;"Keep thy heart with all diligence; for out of it are the issues of life";Proverbs 4:23
66;MRK 12:30;positive;;;;Jesus;primary;;;;;;
66;;;;;;;;;;;Do you truly love Jesus? If you did, how would you know?;;
66;DEU 11:1;positive;;;;Moses;direct;;;;;;
66;1CH 22:11-13;positive;;;;David;direct;;;;;;
66;1CH 28:9;positive;;;;David;direct;;;;;;
66;1CH 29:18-19;positive;;;;David;direct;;;;;;
66;PSA 1:1-3;positive;;;;David;direct;;;;;;
66;PSA 119:2;positive;;;;David;direct;;;;;;
66;PSA 119:175;positive;;;;David;direct;;;;;;
66;ISA 26:9;positive;;;;Isaiah;direct;;;;;;
66;JHN 14:23;positive;;;;Jesus;direct;;;;;;
66;1CO 2:4-5;positive;;;;Paul;direct;;;;;;
66;1TI 1:5;positive;;;;Paul;direct;;;;;;
66;2TI 3:16-17;positive;;;;Paul;direct;;;;;;
66;1PE 3:15;positive;;;;Peter;direct;;;;;;
66;1JN 4:19;positive;;;;John;direct;;;;;;
66;1SA 12:24;positive;;;;Samuel;indirect;;;;;;
66;1SA 16:7;positive;;;;HEERE;indirect;;;;;;
66;1KI 3:3;both;;;;Solomon;indirect;;;;;;
66;1KI 3:14;positive;;;;HEERE;indirect;;;;;;
66;PRO 3:1;both;;;;Solomon;indirect;;;;;;
66;PRO 4:23;positive;;;;Solomon;indirect;;;;;;
66;MAT 5:6;positive;;;;Jesus;indirect;;;;;;
66;MAT 13:23;positive;;;;Jesus;indirect;;;;;;
66;JHN 14:1;negative;;;;Jesus;indirect;;;;;;
66;ACT 1:8;positive;;;;Jesus;indirect;;;;;;
66;HEB 4:12;positive;;;;Paul?;indirect;;;;;;
66;REV 1:3;positive;;;;Jesus;indirect;;;;;;
66;DEU 10:12;positive;;;;Moses;duplicate;;;;;;
66;DEU 30:6;positive;;;;Moses;duplicate;;;;;;
66;MAT 22:37;positive;;;;Jesus;duplicate;;;;;;
66;1SA 2:35;positive;;;;HEERE;example;;;;;;
66;1SA 13:14;both;;;;Samuel;example;;;;;;
66;1KI 8:23;positive;;;;Solomon;example;;;;;;
66;1KI 11:4;negative;;;;Solomon;example;;;;;;
66;2KI 23:3;positive;;;;Josiah;example;;;;;;
66;2KI 23:25;positive;;;;Josiah;example;;;;;;
66;1CH 13:7-8;positive;;;;Undetermined;example;;;;;;
66;2CH 25:2;negative;;;;Amaziah;example;;;;;;
66;PSA 42:2-3;positive;;;;David;example;;;;;;
66;PSA 86:11-13;positive;;;;David;example;;;;;;
66;PSA 119:10;positive;;;;David;example;;;;;;
66;JHN 17:26;positive;;;;Jesus;example;;;;;;
66;PSA 84:1-13;positive;;;;Sons of Korah;study;;;;;;
66;DEU 6:7;positive;420;CCA11;To read the Shema in the morning and at night;Moses;otlaw;;;;;;
66;DEU 6:8;positive;421;CCA8;To bind tefillin on the arm;Moses;otlaw;;;;;;
66;DEU 6:8;positive;422;CCA9;To bind tefillin on the head;Moses;otlaw;;;;;;
66;DEU 6:9;positive;423;CCA12;To affix the mezuzah to the doorposts and gates of your house;Moses;otlaw;;;;;;
67;;;;;;;;Sixth Commandment;You shall love your neighbor as yourself;;;Spread love everywhere you go. Let no one ever come to you without leaving happier;Mother Teresa
67;MAT 19:19;positive;;;;Jesus;primary;;;;;;
67;JHN 15:9-17;positive;;;;Jesus;direct;;;;;;
67;ROM 13:8-10;both;;;;Paul;direct;;;;;;
67;GAL 5:14;positive;;;;Paul;direct;;;;;;
67;1TH 4:9;positive;;;;Paul;direct;;;;;;
67;JAS 2:8;positive;;;;James;direct;;;;;;
67;1PE 4:8;positive;;;;Peter;direct;;;;;;
67;1JN 4:21;positive;;;;John;direct;;;;;;
67;LEV 19:34;positive;;;;HEERE;indirect;;;;;;
67;ROM 15:1-2;positive;;;;Paul;indirect;;;;;;
67;1JN 3:23;positive;;;;John;indirect;;;;;;
67;MAT 22:39;positive;;;;Jesus;duplicate;;;;;;
67;MRK 12:31;positive;;;;Jesus;duplicate;;;;;;
67;1SA 18:1;positive;;;;Jonathan;example;;;;;;
67;LUK 10:30-37;both;;;;Jesus;example;;;;;;
67;JHN 13:34-35;positive;;;;Jesus;example;;;;;;
67;EPH 5:2;positive;;;;Paul;example;;;;;;
67;LEV 19:18;positive;243;CCA60;To love all human beings who are of the covenant;HEERE;otlaw;;;;;;
67;PRO 3:28-29;negative;;;;Solomon;wisdom;;;;;;
68;;;;;;;;First Commandment;Watch therefore for the coming of Jesus;;;;
68;MAT 24:42-44;positive;;;;Jesus;primary;;;;;;
68;MAT 24:45-46;positive;;;;Jesus;direct;;;;;;
68;LUK 21:36;positive;;;;Jesus;direct;;;;;;
68;1TH 5:2-8;positive;;;;Paul;direct;;;;;;
68;2PE 3:10-14;positive;;;;Peter;direct;;;;;;
68;1KI 18:46;positive;;;;Elijah;indirect;;;;;;
68;PSA 89:16-17;positive;;;;Ethan;indirect;;;;;;
68;PSA 96:11-13;both;;;;Unknown;indirect;;;;;;
68;PSA 130:5-8;positive;;;;Unknown;indirect;;;;;;
68;MAT 25:13;positive;;;;Jesus;indirect;;;;;;
68;MRK 13:33-37;positive;;;;Jesus;indirect;;;;;;
68;LUK 12:35-40;positive;;;;Jesus;duplicate;;;;;;
68;EXO 12:11;positive;;;;HEERE;example;;;;;;
68;PSA 98:1-9;both;;;;Unknown;study;;;;;;
68;LUK 12:42-48;positive;;;;Jesus;study;;;;;;
68;LEV 23:24;positive;310;CCA29;To rest on Rosh Hashanah;Moses;otlaw;;;;;;
68;NUM 29:1;positive;405;CCA30;To hear the sound of the shofar on Rosh Hashanah;Moses;otlaw;;;;;;
69;;;;;;;;Tenth Commandment;Use your talents to honor the Father;;;One of the greatest diseases is to be nobody to anybody;Mother Teresa
69;MAT 24:14-30;positive;;;;Jesus;primary;;;;;;
69;;;;;;;;;;;Do you pray: Lord, will you bless what I have sown? Or: Lord, what do you want me to sow?;;
69;;;;;;;;;;;What talents do you use to glorify the Father?;;
69;LUK 17:7-10;positive;;;;Jesus;direct;;;;;;
69;ROM 12:6-8;positive;;;;Paul;direct;;;;;;
69;2CO 5:10;positive;;;;Paul;direct;;;;;;
69;1TI 4:14;negative;;;;Timothy;example;;;;;;
69;LUK 19:12-26;positive;;;;Jesus;study;;;;;;
69;EXO 13:2;positive;18;CCA53;To sanctify the firstling of clean cattle and offer it up;HEERE;otlaw;;;;;;
69;NUM 15:20;positive;385;CCA57;To set apart a portion of the dough for the kohein;HEERE;otlaw;;;;;;
69;PRO 6:6-11;negative;;;;Solomon;wisdom;;;;;;
69;PRO 18:16;positive;;;;Solomon;wisdom;;;;;;
70;;;;;;;;Second Commandment;Trust that the Spirit will guide you;Do not worry about what to say;;Pray, and let God worry.;Martin Luther
70;MRK 13:11;both;;;;Jesus;primary;;;;;;
70;;;;;;;;;;;Imagine yourself on trial for your faith;;
70;PSA 84:13;positive;;;;Sons of Korah;direct;;;;;;
70;JHN 14:26;positive;;;;Jesus;direct;;;;;;
70;PSA 91:2;positive;;;;Unknown;indirect;;;;;;
70;2CH 14:8-13;positive;;;;Asa;example;;;;;;
70;PSA 115:9-11;positive;;;;Unknown;example;;;;;;
70;ACT 4:13;positive;;;;Peter and John;example;;;;;;
70;ACT 8:26-30;positive;;;;Philip;example;;;;;;
70;ACT 9:10-16;positive;;;;Ananias;example;;;;;;
70;ACT 10:19-20;positive;;;;HEERE;example;;;;;;
70;ACT 13:1-4;positive;;;;Undetermined;example;;;;;;
70;ACT 15:34;positive;;;;Silas;example;;;;;;
70;ACT 16:6-8;positive;;;;Paul;example;;;;;;
70;1CH 14:8-16;positive;;;;David;study;;;;;;
70;2CH 20:1-30;positive;;;;Jehoshaphat;study;;;;;;
71;;;;;;;;Fourth Commandment;Celebrate the Lord’s supper in remembrance of Me;;;;
71;LUK 22:17-20;positive;;;;Jesus;primary;;;;;;
71;1CO 11:23-26;positive;;;;Paul;direct;;;;;;
71;JER 31:31-34;positive;;;;Jeremiah;indirect;;;;;;
71;MAT 26:26-28;positive;;;;Jesus;indirect;;;;;;
71;MRK 14:22-25;positive;;;;Jesus;indirect;;;;;;
71;JHN 6:47-58;positive;;;;Jesus;indirect;;;;;;
71;2KI 23:21-23;positive;;;;Josiah;example;;;;;;
71;ACT 2:42;positive;;;;Many disciples (men and woman);example;;;;;;
71;EXO 12:18;positive;10;CCA23;To eat matzah on the first night of Passover;Moses;otlaw;;;;;;
71;EXO 13:8;positive;21;CCA24;To discuss the departure from Egypt on the first night of Passover;Moses;otlaw;;;;;;
72;;;;;;;;Sixth Commandment;Strengthen your brethren;;;Look for an opportunity to be a Barnabas, an encourager. There are undoubtedly many people in your path today that need some encouragement. It’s an important ministry;Jeff Syverson
72;LUK 22:32;positive;;;;Jesus;primary;;;;;;
72;;;;;;;;;;;Have you met someone like Jonathan, who visited you to encourage you to put your faith in God?;;
72;1TH 3:12-13;positive;;;;Paul;direct;;;;;;
72;2TH 3:3;positive;;;;Paul;direct;;;;;;
72;PSA 77:12-13;positive;;;;Asaph;indirect;;;;;;
72;ACT 20:2;positive;;;;Paul;duplicate;;;;;;
72;1SA 19:1-7;positive;;;;Jonathan;example;;;;;;
72;1SA 23:16-18;positive;;;;Jonathan;example;;;;;;
72;1CH 12:38;positive;;;;Undetermined;example;;;;;;
72;ISA 41:6-7;positive;;;;Isaiah;example;;;;;;
72;ACT 9:26-28;positive;;;;Barnabas;example;;;;;;
72;ACT 13:15-16;positive;;;;Paul;example;;;;;;
72;ACT 14:22;positive;;;;Paul and Barnabas;example;;;;;;
72;ACT 15:31-32;positive;;;;Judas and Silas;example;;;;;;
72;ACT 16:40;positive;;;;Paul and Silas;example;;;;;;
72;1TH 3:2;positive;;;;Timotheus;example;;;;;;
72;2TI 2:1;positive;;;;Paul;example;;;;;;
72;NUM 6:23;positive;378;CCA58;That the kohanim shall bless Israel;HEERE;otlaw;;;;;;
72;JOB 4:4;positive;;;;Friend of Job;wisdom;;;;;;
72;JOB 6:14;negative;;;;Job;wisdom;;;;;;
72;JOB 16:4-5;positive;;;;Job;wisdom;;;;;;
73;;;;;;;;Second Commandment;He that abideth in me, and I in him, the same bringeth forth much fruit;For without me ye can do nothing;;;
73;JHN 15:1-11;both;;;;Jesus;primary;;;;;;
73;JHN 6:56;positive;;;;Jesus;direct;;;;;;
73;JHN 8:31-32;positive;;;;Jesus;direct;;;;;;
73;1JN 2:6;positive;;;;John;direct;;;;;;
73;JHN 4:13-24;both;;;;Jesus;indirect;;;;;;
73;JHN 1:32-33;positive;;;;John the baptist;example;;;;;;
73;ROM 6:1-8:39;both;;;;Paul;study;;;;;;
74;;;;;;;;Second Commandment;We are called to glorify the Name of God in Christ Jesus!;;;God is most glorified in us, when we are most satisfied in Him;John Piper
74;JHN 17:9-10;positive;;;;Jesus;primary;;;;;;
74;PSA 72:18-19;positive;;;;David;direct;;;;;;
74;PSA 90:16-17;positive;;;;Moses;direct;;;;;;
74;PSA 146:1;positive;;;;Unknown;direct;;;;;;
74;PSA 148:13;positive;;;;Unknown;direct;;;;;;
74;ISA 42:10-12;positive;;;;Isaiah;direct;;;;;;
74;ISA 43:7;positive;;;;Isaiah;direct;;;;;;
74;JHN 7:18;both;;;;Jesus;direct;;;;;;
74;JHN 11:4;positive;;;;Jesus;direct;;;;;;
74;ROM 11:36;positive;;;;Paul;direct;;;;;;
74;1CO 6:20;positive;;;;Paul;direct;;;;;;
74;EPH 1:13-14;positive;;;;Paul;direct;;;;;;
74;PHP 1:21;positive;;;;Paul;direct;;;;;;
74;1TH 2:12;positive;;;;Paul;direct;;;;;;
74;1PE 4:10-11;positive;;;;Peter;direct;;;;;;
74;REV 4:11;positive;;;;Jesus;direct;;;;;;
74;GEN 17:1;positive;;;;HEERE;indirect;;;;;;
74;PSA 92:1-6;positive;;;;Unknown;indirect;;;;;;
74;PSA 134:1;positive;;;;Unknown;indirect;;;;;;
74;ISA 60:21;positive;;;;Isaiah;indirect;;;;;;
74;ROM 15:11;positive;;;;Paul;indirect;;;;;;
74;COL 1:16;positive;;;;Paul;indirect;;;;;;
74;1CH 16:8-36;positive;;;;David;example;;;;;;
74;1CH 29:11-13;positive;;;;David;example;;;;;;
74;PSA 63:5;positive;;;;David;example;;;;;;
74;ISA 26:9;positive;;;;Isaiah;example;;;;;;
74;LUK 1:74-75;positive;;;;Mary;example;;;;;;
74;LUK 18:43;positive;;;;Other;example;;;;;;
74;ROM 1:21-25;negative;;;;Paul;example;;;;;;
74;GAL 2:19-20;positive;;;;Paul;example;;;;;;
74;EPH 3:8-9;positive;;;;Paul;example;;;;;;
74;1TI 1:16-17;positive;;;;Paul;example;;;;;;
74;PSA 96:1-13;positive;;;;Unknown;study;;;;;;
74;PHP 3:7-15;positive;;;;Paul;study;;;;;;
75;;;;;;;;Eighth Commandment;Feed my sheep;;;;
75;JHN 21:15-17;positive;;;;Jesus;primary;;;;;;
75;1CH 17:6;positive;;;;Nathan;direct;;;;;;
75;ACT 20:28;positive;;;;Paul;direct;;;;;;
75;1PE 5:1-3;both;;;;Peter;direct;;;;;;
75;PSA 48:15;positive;;;;Unknown;indirect;;;;;;
75;JER 2:13;negative;;;;Jeremiah;indirect;;;;;;
75;1CH 11:2;positive;;;;Undetermined;example;;;;;;
75;PSA 28:9;positive;;;;David;example;;;;;;
75;PSA 34:12;positive;;;;David;example;;;;;;
75;MAT 2:6;positive;;;;Jesus;example;;;;;;
75;ACT 6:1-7;both;;;;Many disciples;example;;;;;;
75;ACT 14:23;positive;;;;Paul and Barnabas;example;;;;;;
75;REV 2:27;positive;;;;Jesus;example;;;;;;
75;JER 3:15;positive;;;;HEERE;study;;;;;;
75;EZK 34:1-31;negative;;;;Ezechiel;study;;;;;;
75;JHN 10:1-16;positive;;;;Jesus;study;;;;;;
76;;;;;;;;Eighth Commandment;Go therefore, and teach all nations, baptizing them in the name of the Father, and of the Son, and of the Holy Ghost: Teaching them to observe all things whatsoever I have commanded you;;;;
76;MAT 28:19-20;positive;;;;Jesus;primary;;;;;;
76;;;;;;;;;;;Are you a disciple?;;
76;;;;;;;;;;;Could you still be a disciple today? If so, how would that look like? If not, why not?;;
76;;;;;;;;;;;What do you think is a disciple?;;
76;;;;;;;;;;;What is discipleship about?;;
76;ISA 52:7;positive;;;;Isaiah;direct;;;;;;
76;NAM 1:15;positive;;;;Nahum;direct;;;;;;
76;ROM 10:15;positive;;;;Paul;direct;;;;;;
76;ACT 14:21;positive;;;;Barnabas and Paul;example;;;;;;
76;2CH 6:32-39;positive;;;;Solomon;study;;;;;;
76;PRO 2:1-22;both;;;;Solomon;wisdom;;;;;;
76;PRO 4:1-13;both;;;;Solomon;wisdom;;;;;;
76;PRO 6:20-23;positive;;;;Solomon;wisdom;;;;;;
76;PRO 9:9;positive;;;;Solomon;wisdom;;;;;;
76;PRO 10:8;both;;;;Solomon;wisdom;;;;;;
76;PRO 11:30;positive;;;;Solomon;wisdom;;;;;;
76;ECC 12:13-14;both;;;;Solomon;wisdom;;;;;;
77;;;;;;;;Fourth Commandment;And, behold, I am with you always, even unto the end of the world;;;No matter who you are, no matter what you’re going through, God knows it. He is with you. He is going to pull you through;Nick Vujicic
77;MAT 28:20;positive;;;;Jesus;primary;;;;;;
77;JER 1:8;positive;;;;Jeremiah;direct;;;;;;
77;LUK 24:49;positive;;;;Jesus;direct;;;;;;
77;JHN 14:18;positive;;;;Jesus;direct;;;;;;
77;JHN 14:26;positive;;;;Jesus;direct;;;;;;
77;JHN 16:7;positive;;;;Jesus;direct;;;;;;
77;DEU 8:12-18;positive;;;;Moses;indirect;;;;;;
77;1SA 10:7;positive;;;;Samuel;indirect;;;;;;
77;ISA 43:5;positive;;;;Isaiah;indirect;;;;;;
77;1SA 18:14;positive;;;;David;example;;;;;;
77;1CH 11:9;positive;;;;David;example;;;;;;
77;PSA 91:1-16;positive;;;;Unknown;study;;;;;;
